"CODE","GOVERN_TYPE","POPULATION","AGE25_PROPTN","AGE_MEDIAN","AGE50_PROPTN","POP_DENSITY","GDP","INFANT_MORT","DOCS","VAX_RATE","HEALTHCARE_BASIS","HEALTHCARE_COST","DEATH_RATE","OBS_TYPE"
"State1","STABLE DEM",27.7076469015101,17.4424354920566,36.8253837074325,39.734788514019,488.099408468404,50.6127918570307,13.2177968735708,25.4401431730948,65.4291071204562,"PRIVATE",14314.1219893136,15.525284080019,"Test"
"State2","UNSTABLE DEM",25.4212945051247,13.6619180276244,33.1150205816497,37.7542023051641,503.67679354145,53.9759531074659,14.2575483202151,19.4962987544946,65.7584413931168,"INSURANCE",4931.59642032002,13.8865077604917,"Train"
"State3","UNSTABLE DEM",25.1696568170549,14.304127178405,NA,35.3904077850291,481.514577129952,60.4375808068236,15.8489098216067,21.2251925721518,63.6379715854218,"PRIVATE",15253.2979924235,3.34676192561265,"Train"
"State4","DICTATORSHIP",33.2134523492855,16.0697969949174,NA,40.2975540481063,500.404662440219,56.8235440141957,13.8383188069163,21.8116100587471,57.4272227590072,"FREE",NA,20.9991834888586,"Test"
"State5","OTHER",5.35242244104768,13.8687691536465,NA,39.727273624689,510.219327487204,52.2803907154318,14.1312313144941,22.312597144988,60.5160468336779,"INSURANCE",4979.51624877979,21.4496074273529,"Train"
"State6","UNSTABLE DEM",29.6503378541622,14.7908176890972,NA,39.7993495962697,491.760481497265,60.9117240565244,15.5750726210018,25.6820266404814,-99,"INSURANCE",5092.86606657686,21.1424884901595,"Train"
"State7","OTHER",1.83047278472942,14.0698764674132,NA,35.750744118298,506.184859973532,56.2202684665547,15.0386762160599,24.5384934267412,62.5728729959671,"INSURANCE",4829.43374603238,21.6440521065623,"Test"
"State8","STABLE DEM",15.5082416617028,14.0019442774355,NA,37.9522713508342,498.244511844844,50.4234216685186,12.9711603833724,20.335447502114,59.4938057365159,"PRIVATE",15297.3793719042,11.809076599146,"Train"
"State9","UNSTABLE DEM",15.0685313907666,16.8547342965953,NA,38.8208153170052,503.423541915314,57.4809448129127,12.4223273054488,20.454681918476,63.4115279297567,"INSURANCE",4718.67184357721,14.6300797305613,"Test"
"State10","UNSTABLE DEM",5.22061271381951,NA,37.0067793460324,37.9137994153869,NA,48.5693110064623,NA,25.9695138254342,60.1959921086385,"FREE",NA,28.0864912345636,"Train"
"State11","UNSTABLE DEM",43.0741728984429,16.5833623780765,NA,39.7777876655315,511.294246636233,50.6724482841506,12.5233073449679,24.6659389143129,60.5775651185531,"PRIVATE",14953.4335855412,25.1369816934775,"Test"
"State12","OTHER",70.1645377488908,14.3338913781301,NA,39.1529825672138,504.448457215648,51.2609538091545,13.3237816667583,24.5674551450102,63.2127758896314,"FREE",NA,21.5402816163051,"Train"
"State13","STABLE DEM",22.747682551766,15.8494190089313,NA,39.9183675156061,502.559866404895,51.8423318832935,11.7615530277917,23.0073051081967,56.8427491447016,"INSURANCE",5278.6769178967,21.9158852610117,"Train"
"State14","STABLE DEM",69.2411163517758,14.2431107978642,33.647385522951,37.295492533812,509.34866525845,57.4450543426519,15.8527850784877,22.6551117512864,59.4996840608643,"PRIVATE",15124.0802379368,22.8844769719595,"Test"
"State15","STABLE DEM",34.8230379567484,17.0320174634912,34.33808180068,38.7405495886146,507.943061777099,17.8555425086814,14.130052369462,23.9115722604814,35.4985094805909,"PRIVATE",14938.8172933525,31.2043512206506,"Test"
"State16","UNSTABLE DEM",139.312588751115,14.6003107944489,NA,39.9350631547193,486.747250048859,60.4775318349733,14.2254152601348,20.8141164337423,57.1743555793814,"INSURANCE",5303.42571897094,10.2429624150067,"Test"
"State17","OTHER",66.8079846471271,17.2747977445304,35.9976463192106,44.9658256705514,490.801629731055,59.3211257329596,13.3909081813132,19.2423352229087,62.0570414465975,"INSURANCE",4823.10210771069,12.7084722440119,"Test"
"State18","STABLE DEM",4.22602004754776,13.0169253661444,NA,35.7781978254091,499.243413471132,55.9145440209982,13.2464644441183,20.1743377819156,61.8287210211832,"INSURANCE",5110.91870752323,14.6887981564254,"Train"
"State19","STABLE DEM",105.926277387784,19.2501796576917,NA,39.4158816821548,478.302638198056,50.0103158629042,9.00462398783909,22.2943065666002,57.8463799095757,"INSURANCE",4936.18496385309,8.16967113072624,"Test"
"State20","UNSTABLE DEM",40.6998860412031,12.4124087727246,NA,35.3167466293844,492.676294460797,50.9849755580661,15.0134093556789,21.5784223402002,-99,"INSURANCE",4929.35876973578,9.7580221357282,"Train"
"State21","DICTATORSHIP",10.7349243734303,15.018259091623,NA,39.4395583763529,511.426586033576,56.5456064473517,13.4489102985416,19.3993106018385,60.5956158702222,"INSURANCE",5020.70539881627,20.9867877998936,"Train"
"State22","STABLE DEM",7.42730932844887,14.6839891319162,NA,39.1513851124361,499.228494894728,56.4823084826139,16.4141697641162,27.79238368031,51.3723292344583,"FREE",NA,28.7856341414771,"Test"
"State23","UNSTABLE DEM",59.1949843653919,15.6243484277071,33.6025985349183,43.5008667223196,496.946829147361,55.7254663829376,14.0359642690167,28.6493276105067,59.3242316824563,"FREE",NA,26.88166055563,"Train"
"State24","OTHER",29.4164100897522,16.4979932071856,NA,44.4731397856241,504.169679573374,59.6107162442525,15.489509777994,21.8435258593986,65.0610969590042,"INSURANCE",5176.58649001226,20.1603192618665,"Train"
"State25","STABLE DEM",36.7771342893245,18.4156790195396,NA,39.5373017221427,506.483375722995,53.3505882871534,11.7310593339245,20.8486173362975,60.0339101815735,"INSURANCE",4684.1153972656,20.3690657550986,"Test"
"State26","--",30.9086104946193,-99,31.8240646753756,-99,513.622733142602,NA,NA,-99,-99,"INSURANCE",5098.58459516754,19.1775589661269,"Train"
"State27","STABLE DEM",94.2008126129398,11.5727153335254,NA,40.267204114346,495.540212959466,52.6218125496696,15.2208269105285,25.340254146672,56.7910776535377,"INSURANCE",4911.62750144704,21.5659268794801,"Train"
"State28","UNSTABLE DEM",26.3008170122297,16.8272769285591,34.6822701888443,38.7395943566377,481.816550590137,62.2391343214649,13.8428266286559,21.665262085666,61.3896846680545,"PRIVATE",15426.6698119447,8.26971008315587,"Train"
"State29","DICTATORSHIP",5.4546358071416,12.6227665568642,NA,40.1733617419827,474.785807406909,21.6858613998955,16.3897662648701,27.7240223686492,35.5864611027228,"INSURANCE",4879.42493314701,22.6980937215047,"Test"
"State30","UNSTABLE DEM",31.862563300584,11.7090247456543,33.4598925311831,38.5213645628231,503.581246618023,51.4782020406159,15.5967903721509,25.2875260651567,59.3236358595488,"FREE",NA,21.7969345261185,"Train"
"State31","UNSTABLE DEM",8.35490050337493,15.6438787708162,30.8701886683001,36.6900309189753,488.155282848206,52.0034789660153,12.5388527046711,28.6390665375106,59.1576934378917,"INSURANCE",5067.07306659073,20.9569175678403,"Train"
"State32","UNSTABLE DEM",6.86048608162394,14.7980038791762,35.6154065823498,36.8455780825197,501.986088460592,51.6041968398842,14.3992140241929,22.8916624548384,62.9581347693268,"INSURANCE",4566.66147024131,16.6185130730989,"Train"
"State33","UNSTABLE DEM",59.699032181104,16.9673457731514,NA,39.8359893039334,489.580922463942,50.8593555585327,10.5045281567566,20.8051272028404,56.5037477341874,"PRIVATE",15433.1407589271,12.813777945358,"Test"
"State34","STABLE DEM",132.918613316833,17.939093058059,NA,39.9392788098884,509.863560333599,49.2048659259051,12.8149511243462,25.096657386173,62.9281384901018,"INSURANCE",4827.21156321642,24.7391341548082,"Train"
"State35","UNSTABLE DEM",10.9955882661269,12.9771850683817,33.4264197299034,39.868153951583,499.527083535351,49.7569601171268,13.8660118091145,24.3066552709908,-99,"PRIVATE",15060.8128113256,19.1147368920654,"Test"
"State36","STABLE DEM",47.1975745299249,18.0470129859487,36.4007876400338,42.5187966458582,491.967664190171,51.4346252554527,12.2359086315099,23.6536093084525,61.8235143804581,"FREE",NA,16.6776788838443,"Train"
"State37","STABLE DEM",272.613800320286,13.9392048897971,31.5723039491418,38.8137660774599,508.871940568387,21.4971561635198,14.240571850882,22.9025431942864,34.2761203416567,"PRIVATE",15305.8856572487,31.2737031062144,"Train"
"State38","UNSTABLE DEM",49.2409945039223,12.3606949053438,29.9008285468023,36.7074807060672,498.108620903905,59.7273117243772,13.3966273680374,21.5686378491613,56.8127966738445,"INSURANCE",5222.70745596144,16.5219068687559,"Test"
"State39","UNSTABLE DEM",4.76922576709017,14.4288099758848,33.0724806335169,42.3091429519147,498.662180790639,59.2776161735013,13.1454455234305,20.7987505552858,57.386266056297,"INSURANCE",5005.26730356012,16.4846879337397,"Test"
"State40","STABLE DEM",49.3791998195064,22.0435341223085,NA,37.9897505855977,511.137282614266,53.3371825278115,12.0782493074415,23.8977800343719,65.7280479516821,"FREE",NA,22.8668371718647,"Test"
"State41","STABLE DEM",336.256720752354,14.1626559048664,32.2027913005351,43.1276423359377,486.029375691611,51.0522707375094,12.2075824998587,23.2147211940598,58.4927752621633,"INSURANCE",4687.37237771869,13.7276222545006,"Train"
"State42","STABLE DEM",92.7016337269802,15.0794485628678,34.1486865266438,41.6134335281459,506.634966063176,55.0381565811067,14.1587137908422,21.274366613001,61.5213729294823,"INSURANCE",5134.51023683647,21.5633906268366,"Train"
"State43","STABLE DEM",NA,NA,33.9114090853386,-99,515.037142519236,57.2029494163255,13.9953264044734,-99,-99,"INSURANCE",5072.56828675131,24.6499633267797,"Train"
"State44","STABLE DEM",NA,17.3235775214089,NA,37.0917835669756,NA,53.9371239829399,12.3847484826394,NA,52.953032193547,"PRIVATE",14837.4106825133,28.9965870198416,"Train"
"State45","DICTATORSHIP",21.3206662010838,12.8654766295907,NA,41.7156215061688,507.970606667323,53.7343546542278,15.6702885493813,21.7247388554184,65.9998275294178,"PRIVATE",14816.4670631739,20.4753686234218,"Test"
"State46","UNSTABLE DEM",14.4447935623579,14.6176522508533,34.0287007653233,43.4319238147341,483.401562829875,62.2323711634283,16.29041123038,24.0881719576114,55.0079245138394,"INSURANCE",5479.83053817395,16.3889374359944,"Train"
"State47","STABLE DEM",30.7254497678091,18.7901325678125,NA,40.0054310172515,504.341795719636,53.7987841816428,12.1367348359011,24.0623011410229,59.281946549677,"INSURANCE",5442.83437375478,21.7836488356973,"Train"
"State48","STABLE DEM",21.4396738583529,15.7667141335479,NA,37.6206612489162,507.098881770358,53.171201081821,15.1917703192828,25.8229117747415,56.4193968850437,"INSURANCE",5090.94385514438,23.6167057159661,"Train"
"State49","OTHER",27.8899894394888,9.5930060710364,NA,37.4038194777761,491.156958536405,49.7575865457881,13.9033521561667,23.1442168817956,61.4097187612947,"INSURANCE",5027.39586326195,11.1995900140032,"Train"
"State50","UNSTABLE DEM",9.97625523899917,18.2674516116164,37.6555915582352,40.6154101306878,496.25077850132,55.8940183774919,14.3975921153351,25.2498596580395,-99,"INSURANCE",5247.26818300479,20.0389304921667,"Train"
"State51","STABLE DEM",26.8756673159817,16.3026146063924,36.961252760679,39.4791872136306,496.900079219256,49.7926804152844,13.176214664062,24.609446520277,64.4327199744938,"FREE",NA,19.4327286763619,"Train"
"State52","STABLE DEM",0.254514656238446,14.9682324246809,NA,38.0832417582477,501.512031294568,57.8114895617553,15.1335587574852,24.8966696511822,61.9031949764336,"PRIVATE",14560.4751113218,19.946570505322,"Train"
"State53","STABLE DEM",52.497424616107,14.0686703714845,NA,35.1740948703789,485.041838125208,52.9260058528835,13.6173412770963,24.3773119443213,55.9044415475377,"INSURANCE",4801.25637585663,13.1475524033044,"Test"
"State54","STABLE DEM",89.0002467903639,12.161862650386,30.0652583269626,40.7437011898897,502.860869700963,22.2890274315757,16.0091809658634,24.9642507252241,36.5964746439743,"PRIVATE",14969.9749228615,31.2079336913676,"Train"
"State55","STABLE DEM",4.81451528490479,16.0601930332316,NA,39.445850018978,495.738494486033,26.0215488008436,16.5148234027344,21.5706706313271,36.0850135481023,"INSURANCE",4996.9474503045,22.3450416959991,"Train"
"State56","STABLE DEM",45.4760732651956,19.9432022841921,NA,38.7880452566185,506.509574858635,53.460224629396,10.1124123344205,18.1791533154437,12,"INSURANCE",4971.57602240318,17.7920486285784,"Train"
"State57","STABLE DEM",29.5285404086147,11.4774898933931,NA,34.0272259073055,500.943191806968,54.9874959504778,14.6195874555156,24.8825486709656,56.3031163317297,"FREE",NA,20.4654749520342,"Test"
"State58","STABLE DEM",83.6900563320888,14.6970797223335,33.4790732285038,36.0738864824947,500.797316088844,57.5891620311027,14.8684210303516,26.6882953745625,56.1716101941505,"FREE",NA,23.5475186553602,"Train"
"State59","UNSTABLE DEM",79.6860238251594,15.761760555119,NA,38.5344029587988,488.41938157886,59.9165369740998,11.2617510186313,20.0402242723135,64.3653402242488,"INSURANCE",5154.0596875157,9.70996426986598,"Test"
"State60","OTHER",232.123257382101,19.6877650545735,NA,40.3330998455901,493.761407784926,50.9503398237084,10.1287076569229,25.6759424269736,60.1007559947238,"INSURANCE",4875.91443525254,19.5375683889468,"Train"
"State61","STABLE DEM",21.5901915657691,13.1170554085087,NA,38.2710986117889,499.480149984391,52.9633381193094,14.8798216868852,20.6854782086573,58.3605238043478,"INSURANCE",5082.40691235967,18.0556873446486,"Test"
"State62","UNSTABLE DEM",7.43622249896362,15.1217466476584,31.8706243772519,35.8188951062319,507.017937932023,55.5192369867387,16.0585240761674,23.9637213014843,70.2725042606416,"INSURANCE",5052.57145399012,17.4119893497152,"Train"
"State63","STABLE DEM",79.9808046664499,12.1971752122887,NA,36.8429182062557,497.067136618344,53.2761185197164,14.5560943814185,25.6463513021193,60.1255506785609,"PRIVATE",15035.3475995343,19.5034258207292,"Train"
"State64","DICTATORSHIP",80.0933039138696,15.8359271200267,36.1764892654173,43.3142859570414,504.878199014496,60.8276429622518,14.4517757880586,21.2385056450925,60.5769040510086,"INSURANCE",5014.26129934641,19.9384326408308,"Test"
"State65","UNSTABLE DEM",14.8211807447595,NA,33.9742554039966,37.3453388911447,516.613865490137,51.5950628136592,NA,24.7974064921517,NA,"FREE",NA,25.452209492446,"Test"
"State66","UNSTABLE DEM",32.0143330384008,11.7456861940956,32.0177710901892,34.7371208873153,499.415579810069,60.2986747665997,15.5739487327101,22.3831485267072,-99,"INSURANCE",4968.02666744228,18.4274868325309,"Train"
"State67","STABLE DEM",33.8737250064118,12.7969444330806,33.6157550537126,36.0025159806742,502.912791410593,52.6857580350369,16.6222161879363,28.3178630578075,57.8563572161202,"INSURANCE",4867.68858076325,26.4848205408272,"Train"
"State68","STABLE DEM",53.2072274951319,16.0179529943274,35.0749402919523,43.4258762768568,494.641403616515,55.3637972700761,12.2971299718206,20.6308232600528,61.0205912183188,"INSURANCE",5030.30562178825,16.1042677268991,"Train"
"State69","UNSTABLE DEM",34.1777290919985,19.8638267670544,NA,43.0343605373882,511.203361394353,52.7318280324228,13.308278166913,24.4945897703329,68.3227524921831,"INSURANCE",4858.46011782925,23.9590325051467,"Test"
"State70","STABLE DEM",34.7372538642464,18.7187687865774,NA,39.5406677766404,508.421430420963,54.6891787940441,12.7171543245732,23.8073996576942,59.4056978536711,"FREE",NA,24.0695265322084,"Train"
"State71","STABLE DEM",13.7284797247368,10.9176366494909,NA,35.7267052516597,494.232113574367,59.4211782873974,13.3919437598855,17.8730941996139,57.8650002764246,"FREE",NA,9.19584554509979,"Train"
"State72","UNSTABLE DEM",115.124195333076,15.6981255201918,30.7406059715159,41.1541079651293,497.727980694782,56.7346309357077,12.8490554347743,21.750019921769,58.5975837260167,"PRIVATE",14900.1827276827,18.6812067871675,"Test"
"State73","STABLE DEM",380.40721556589,15.6856786224089,NA,36.4705632400704,503.088365418439,55.4735374710275,17.024602117856,29.9570893590388,57.7447245737807,"INSURANCE",4785.12799478357,27.5837004854274,"Train"
"State74","UNSTABLE DEM",3.80941284621776,15.6045996938921,36.659816996888,35.9236207159432,510.502624062467,54.1190424861982,12.9552609627836,20.0384431220424,58.8636155868316,"PRIVATE",15171.0225817395,19.7779568523788,"Test"
"State75","UNSTABLE DEM",13.0565409349535,16.7709327266642,NA,40.5302560201743,498.662237341988,57.897738904807,17.0859241342958,26.0265979078672,-99,"FREE",NA,22.1824586558205,"Train"
"State76","STABLE DEM",15.6133343980284,17.066510471397,NA,38.868593568045,503.599578059848,49.9141415610173,12.2027498480867,25.581986853278,63.7526933884327,"PRIVATE",14725.5047005596,21.3289021374757,"Train"
"State77","OTHER",9.925689034759,12.1925621241894,32.8606599975186,38.7640274759392,497.506002664785,52.9608114678522,15.6203405506046,23.6465389480543,61.6901891807316,"INSURANCE",5104.62892617805,18.4863680622366,"Train"
"State78","UNSTABLE DEM",43.4692838234813,11.4563571320207,NA,37.7574677511418,501.656124000931,17.0129340673627,16.5320712085109,26.184791384096,36.2163784864514,"INSURANCE",5140.4370410604,30.5080918545862,"Train"
"State79","UNSTABLE DEM",76.2631358471088,13.3139884113333,NA,33.5744983046022,508.746922052187,56.6406533743681,15.4225714487283,24.528178916389,56.8437242654929,"INSURANCE",5041.16405753171,24.3056042695754,"Train"
"State80","UNSTABLE DEM",357.274694558517,14.0399043726467,NA,38.4086382000745,502.188052908587,52.2941164639961,14.5831529331409,25.5639229604403,65.5711118985665,"FREE",NA,19.0773916772557,"Train"
"State81","STABLE DEM",NA,NA,30.4694512293824,-99,524.208615563016,58.0748474326636,NA,-99,-99,"PRIVATE",14652.1774549797,20.531658836163,"Test"
"State82","--",26.4697819318602,-99,31.6261753273571,NA,516.387385275789,NA,NA,22.9456061683474,60.8412741708572,"INSURANCE",4997.06848792587,23.9339576347356,"Train"
"State83","STABLE DEM",117.903958243343,15.758690590642,35.919417746008,38.5989427253344,500.587373012593,20.3619189454654,12.3583518973838,23.5459127833377,41.1321884417532,"PRIVATE",14683.0799927343,25.8450870995937,"Test"
"State84","STABLE DEM",30.5781396471175,14.4360145747147,31.6991136740521,37.191255488953,500.862940155861,48.4987307116587,10.8161110638283,22.3356549105462,60.5593854787374,"FREE",NA,17.135155938938,"Test"
"State85","UNSTABLE DEM",28.9544679503538,12.09024044275,NA,35.7920591630346,492.342736483449,56.0014356617184,12.9836882083863,20.2027931683894,58.1748011142928,"INSURANCE",5042.19446173533,11.6548469343794,"Train"
"State86","STABLE DEM",202.479631202102,11.8029086360274,NA,42.5640995344545,503.541615291152,65.2902335573604,14.5161038361516,19.4550851408638,52.6432593015566,"PRIVATE",14627.1066565842,19.233892779056,"Test"
"State87","OTHER",1.66286908079648,14.6727827294341,32.7158972870926,39.1154503589987,490.805734048363,53.4548827759036,11.7588579474858,22.4298346318019,58.2674610323704,"FREE",NA,15.1940644091475,"Train"
"State88","STABLE DEM",13.8600443010943,17.6182673157093,33.477696009905,40.6916144908283,496.467105292883,56.3658164370085,12.4023893355624,21.7090509289625,63.8909475830437,"INSURANCE",4927.29241354609,14.7443068972761,"Train"
"State89","STABLE DEM",35.0135571588743,12.637188435964,NA,38.1421534079234,502.763676052067,49.7046266203322,16.089121697731,23.398695354367,58.0404004088954,"PRIVATE",15155.7836849199,19.4010197639551,"Train"
"State90","OTHER",111.528387191421,16.0439479569947,NA,40.0060322469444,498.024182540969,54.4645107840846,12.9315173707269,22.952226539073,56.8918614773957,"INSURANCE",5005.19245269973,19.4243904760097,"Test"
"State91","UNSTABLE DEM",125.007016007418,15.1704601292673,NA,36.8279803347091,493.065920328905,50.8565754345279,11.3481828204143,20.9026317226309,58.3041739020738,"FREE",NA,13.0991676881781,"Test"
"State92","UNSTABLE DEM",7.98856796601367,18.6497688344098,NA,39.4089386507176,497.461820249691,55.6621593891543,12.52618700335,24.1772410153268,-99,"FREE",NA,18.5566819676948,"Train"
"State93","STABLE DEM",21.8070995756154,14.8350762976689,NA,35.9457856316166,506.069049539027,59.6457404923354,17.0742050859197,26.5620142971991,61.138559853431,"INSURANCE",5090.96738990938,24.9857713459077,"Train"
"State94","--",NA,NA,NA,-99,512.604474205064,58.9220227494453,NA,-99,-99,"PRIVATE",15092.7420970451,19.757720519181,"Train"
"State95","STABLE DEM",10.257836410132,14.8063992319677,NA,41.21576193131,511.293485524095,53.5290259565972,13.170984099044,22.8919090153598,60.6122835961468,"INSURANCE",5280.04348147604,25.0900373512342,"Test"
"State96","STABLE DEM",7.11273174296984,16.4865737977128,NA,39.5664554443029,506.346087953821,61.6422977646758,14.7027307874121,21.5394902974068,58.5704749272231,"PRIVATE",14679.6391213228,19.3940602961374,"Train"
"State97","OTHER",25.4839901470927,12.2303855935766,NA,38.6822904328145,484.282767357406,52.7991597400573,14.6016895050313,26.0281978544461,61.7919992220327,"INSURANCE",5167.24724446378,16.111480395147,"Train"
"State98","UNSTABLE DEM",166.609806478566,13.0328827701274,NA,41.8052930480618,494.833739746111,49.1746415077872,14.3311273429765,26.2872105118938,59.0874306216075,"INSURANCE",4926.75875161968,22.5622382726993,"Train"
"State99","STABLE DEM",16.8931969537008,16.0337537668953,NA,40.3705886479748,504.61358708415,52.5933877008568,13.9574326388214,25.5766305916652,60.2930185024342,"PRIVATE",15238.7297230504,23.0170542260501,"Train"
"State100","UNSTABLE DEM",38.8089936550692,14.7783742623141,NA,41.4111883687574,493.971016627288,65.0103661921482,12.9746602014711,17.4535004220806,58.1707735194145,"INSURANCE",4940.9676565321,12.0504347839438,"Test"
"State101","OTHER",26.6891966645869,13.8579022589282,33.771162623661,39.1978371236969,493.002377163913,55.411372149739,12.7260270173011,19.0749529513693,59.8058136302363,"INSURANCE",5197.32503118749,11.5948335513358,"Test"
"State102","STABLE DEM",30.2279059101172,16.0560432455256,NA,38.7501079648104,477.999943583629,65.748267872404,12.3805359535025,19.7351434288703,55.7664786733956,"INSURANCE",5373.84995606566,7.11186243977188,"Test"
"State103","DICTATORSHIP",91.3009937871186,14.8968837613014,33.3788220811058,36.8619200804757,511.141586106894,58.2705017375414,13.8928866547161,22.7430091511532,59.3081436040809,"PRIVATE",15379.1782858369,22.498193915333,"Train"
"State104","STABLE DEM",15.8610866029644,15.3095407534652,NA,39.4989112925417,495.92072667592,63.6052555664039,14.1409541934872,18.2847859355438,65.6930854937702,"INSURANCE",4994.09399602926,10.1222354027442,"Train"
"State105","STABLE DEM",24.1568887007436,15.2299291060913,34.2968967412608,38.5862683290293,506.947175815702,55.2743788336789,14.0944140414704,23.1385834186759,60.7980455792372,"INSURANCE",4931.2092900374,19.3062757467893,"Test"
"State106","DICTATORSHIP",26.0260822347887,15.0850084544098,NA,40.2764699011473,501.486323404113,54.1442405146595,12.2866680385731,23.0113346838147,58.8031371908718,"INSURANCE",5126.81618870727,22.2285407920392,"Train"
"State107","OTHER",23.8292432916881,14.5992205264053,NA,43.2515685612418,507.484048488566,55.4064150224606,14.8994531515768,21.8822474067426,65.3757604906811,"INSURANCE",4914.00478287442,21.603927027597,"Test"
"State108","UNSTABLE DEM",112.877326079552,17.0380513093788,33.863401994942,39.9791899687909,496.152110756255,63.0817022735407,12.3151072795527,21.5310344827188,55.2794887432219,"FREE",NA,17.7175189215563,"Train"
"State109","DICTATORSHIP",18.2450910852265,16.2752943087296,NA,39.6849254855165,498.513119699576,50.0453536358357,11.4833731735496,19.4929246187257,12,"INSURANCE",4854.02078274634,12.8353740048325,"Train"
"State110","STABLE DEM",13.5356650768475,11.9020756505819,33.817736731377,33.759128679001,498.958245453246,53.566130504977,15.4853793774066,25.1741952368173,59.1724607175382,"FREE",NA,19.9929343786599,"Test"
"State111","STABLE DEM",18.0032528902675,16.798987640091,35.2415535084507,37.1057786443649,496.858779625482,54.0377671587934,13.3641403155159,25.9839172369565,58.5577551640666,"INSURANCE",5225.21629507279,21.8079394229197,"Test"
"State112","STABLE DEM",32.0194634734857,9.92065011386974,NA,33.6330471649556,510.988378231047,52.159006857576,13.0372800899799,23.0177475242094,56.80920286741,"FREE",NA,20.8798081627027,"Train"
"State113","OTHER",12.2443326306947,16.7149851967042,NA,40.6827343187992,499.251303017214,56.8522425911498,11.2433882712983,20.0008870412337,58.7015613891536,"FREE",NA,17.21065827597,"Train"
"State114","STABLE DEM",519.973732496356,14.447344445482,NA,36.3621180031303,490.383231673523,52.3095798713721,14.2725950593521,24.8560866587026,61.5105227190931,"FREE",NA,14.8993152165646,"Train"
"State115","DICTATORSHIP",10.3743902790615,15.0097471798436,NA,40.5786410319878,491.318822623448,60.6337142805737,11.673484835616,21.2148221334728,57.6777907590113,"INSURANCE",5082.54902156688,14.1204387509518,"Test"
"State116","STABLE DEM",34.8970807809189,16.7808251053417,NA,40.5618251449992,492.336702909177,54.7973185040456,13.4107782526085,24.8158135828075,55.0052254600547,"INSURANCE",5234.32920603439,21.744834208459,"Train"
"State117","OTHER",21.757214144772,16.4984186771961,NA,36.339008521121,484.211505895637,49.4270201369613,11.6016470887832,23.2265918911094,55.6199154133044,"INSURANCE",5155.63621532102,11.456852299772,"Train"
"State118","UNSTABLE DEM",105.933682702844,18.8966723609533,NA,42.9675602929985,499.224111448395,56.1122142739229,13.1111162842606,21.7267961395915,-99,"INSURANCE",5116.64146883921,17.8792019043993,"Test"
"State119","DICTATORSHIP",52.9129488641919,13.1919958097937,32.5107011199434,37.5677788785287,490.833404925302,55.9046504167143,13.2733144066357,20.8562245239296,55.1665317034355,"INSURANCE",4990.29126000048,13.0552712538445,"Train"
"State120","STABLE DEM",58.2762403266059,13.697084931467,NA,34.0451035340147,507.356937806962,53.6327007452183,14.8901240549229,27.0575243369431,64.6717620568953,"INSURANCE",4891.11530235939,23.5556491398942,"Train"
"State121","UNSTABLE DEM",46.1281693760811,19.4990146156091,38.055885467007,36.8009202204319,498.529672326396,53.2328154924368,12.9318538139278,25.7646750107798,55.8047356124016,"INSURANCE",4976.71757763959,22.5544978775682,"Train"
"State122","STABLE DEM",58.5408956557498,14.3176573013226,36.841802405562,44.6147920906096,501.394734477017,59.8825787493565,14.1856437336181,20.4851080394923,58.5924251561788,"INSURANCE",4639.64411980268,17.0684602656272,"Train"
"State123","STABLE DEM",15.0688735848535,15.77149420591,NA,37.7761539338467,477.047818189006,58.4266548257087,11.6897780317901,21.5883739014169,60.4447997913926,"INSURANCE",4863.84645834658,3.90117288480253,"Test"
"State124","STABLE DEM",133.618193117974,10.9824827208674,28.9126861583244,40.3536457210959,501.189609429697,56.4189636843964,13.8596578722918,21.8939352720822,59.1052775431136,"INSURANCE",5310.1464591327,17.8406767409726,"Train"
"State125","UNSTABLE DEM",51.6590024319605,14.713876051118,NA,37.7387950399979,505.990422298939,57.561501773777,14.01195334563,18.8660968300891,60.9784378799565,"FREE",NA,15.610563448575,"Train"
"State126","UNSTABLE DEM",234.70540792249,15.7534185304811,NA,39.8692877837699,479.075566307065,50.6166183856109,13.0443217555494,21.5553454462032,-99,"INSURANCE",4851.30199817164,6.45250563329355,"Train"
"State127","UNSTABLE DEM",10.5785251520693,15.5767418673188,NA,40.6571473192841,495.180526890644,56.4027605725529,14.1076508160986,23.0149973787572,60.6853266072562,"INSURANCE",5038.59892483135,17.9666101767672,"Train"
"State128","UNSTABLE DEM",124.119659015936,13.6284227901993,34.2097064747161,37.501878322683,507.17657336125,47.4836969379685,14.6961651867429,23.0453766513432,63.4295060376597,"PRIVATE",14997.6491268074,21.1251302386047,"Train"
"State129","STABLE DEM",9.99125837879608,14.8602575875335,NA,35.9894364950015,504.989835309771,52.6990017600759,12.9039371777815,24.4579793727785,55.3227890780075,"INSURANCE",4603.08304739615,23.448382094097,"Train"
"State130","UNSTABLE DEM",29.9188422510235,15.7086154867935,NA,41.2845460873993,483.692414969991,50.858818674009,13.261693336417,24.8396948431989,66.6707934639677,"PRIVATE",14929.4733582875,12.4423570212258,"Train"
"State131","UNSTABLE DEM",75.7921464768054,15.9825307106875,NA,41.2587637970099,500.736119037302,57.1006031009297,13.6638679829762,20.0348841524087,66.0874799254276,"INSURANCE",5042.87687073745,14.4514430665719,"Train"
"State132","OTHER",80.9327152695838,14.5039497038427,NA,37.0610089868615,498.72618722184,56.9983999261565,15.9841580209674,24.5606978474681,61.4739214661941,"INSURANCE",5051.86673120904,19.8104136734872,"Train"
"State133",NA,NA,NA,NA,NA,NA,57.3743416960496,NA,20.7778216443964,NA,"PRIVATE",14609.1073720827,23.3804852262505,"Test"
"State134","STABLE DEM",72.7800832872759,16.8219676292159,NA,38.6681578751967,495.178258015738,53.5460779086924,12.184704299323,20.6667153740134,58.1268797162786,"INSURANCE",4688.54640969498,13.7096843703609,"Train"
"State135","STABLE DEM",77.8316663945959,18.3138465610162,37.3755125499926,41.9383378441535,493.074882045646,51.4399554888725,13.9504575420128,25.7960804405332,61.0018867204862,"INSURANCE",4908.34917324988,19.8312625676731,"Train"
"State136","UNSTABLE DEM",234.722621938689,17.035198277566,36.774049530399,38.0235384307273,492.271500584146,55.4882664813845,13.4462746429078,24.7616113890966,-99,"INSURANCE",5023.11302143053,16.4120075157821,"Test"
"State137","STABLE DEM",17.5519578519364,16.1689541054099,36.4681376650148,36.1817113399198,506.328736311062,53.2679464833171,13.9016809614564,27.0091710720242,61.3908590853325,"PRIVATE",15246.5418227832,24.768887995021,"Train"
"State138","DICTATORSHIP",158.034984691282,13.3865524093335,NA,35.8639327269689,493.675890741609,62.7867561090633,14.2389827982919,20.0017008812171,58.1553649746834,"INSURANCE",4920.37949952399,11.3468053860119,"Train"
"State139","UNSTABLE DEM",10.5727880674293,13.7697268700537,NA,42.4442833887678,506.872928146322,49.6348222879811,14.7140364092702,27.0737475397783,58.9041794768056,"INSURANCE",5152.21609566604,27.8252308189406,"Train"
"State140","STABLE DEM",7.8170620853515,17.0557300212962,NA,37.7413093426836,502.849069043951,51.5107308747471,14.8416199507032,26.4597809409598,62.1188949023377,"INSURANCE",5345.00464210984,23.8374711984512,"Train"
"State141","DICTATORSHIP",40.1539487961827,16.1225037830747,35.2598063182647,40.5004455232985,504.652443269569,57.2899687947716,15.5713341735264,25.8844902451995,62.2583996157218,"INSURANCE",5043.50128059119,25.0485743606007,"Test"
"State142","UNSTABLE DEM",28.01831894423,12.2100233375164,NA,34.907611318527,486.389332302197,52.9739205164239,13.9996293644351,24.3073137249639,56.9397031210025,"PRIVATE",14955.7075378295,13.1965654425539,"Train"
"State143","UNSTABLE DEM",213.006203558332,17.08945408295,NA,39.5982350690497,509.068049051129,57.6282297322396,15.5638160339226,26.0617182125505,57.6226832400845,"INSURANCE",5054.06853026625,27.6348069132565,"Test"
"State144","UNSTABLE DEM",123.737409115586,NA,NA,-99,NA,NA,14.8649173336956,-99,-99,"PRIVATE",14598.588796687,32.0514202414568,"Test"
"State145",NA,NA,NA,NA,NA,NA,NA,14.0464734592676,-99,NA,"PRIVATE",15158.8369142701,27.4721520708726,"Train"
"State146","UNSTABLE DEM",10.7595539229508,15.1641444497598,33.036738079056,43.0370398630447,491.768742298602,55.4107279763047,12.4621375774722,25.1605778977764,60.846240425937,"FREE",NA,19.8606255556243,"Train"
"State147","STABLE DEM",5.84972316240528,12.6410209367452,NA,38.5735073233923,499.466734690744,57.3982832030267,15.8442679279002,27.5121249840229,64.6415697590427,"INSURANCE",5142.72319957388,23.5116297126278,"Train"
"State148","STABLE DEM",72.2464225624157,16.1501747929761,33.743764442805,34.8597717954788,506.646772091196,47.9231749524333,13.9155959366368,26.0765814189512,60.527367355713,"FREE",NA,23.507322236748,"Train"
"State149","UNSTABLE DEM",204.554265242497,13.0352011527918,32.2612270636883,41.8581807905935,492.485391194642,60.1059365517032,15.6945084288967,24.69445676209,53.7293832338647,"INSURANCE",5053.3182366427,20.94826650403,"Train"
"State150","UNSTABLE DEM",9.25308808596584,15.5440100738493,32.3167088018317,39.6099003141305,505.053474069589,52.5976927386303,12.6674262995337,23.8190367596951,59.7387033522961,"PRIVATE",15662.1705826682,22.3573313211554,"Train"
"State151","STABLE DEM",8.82033261955621,14.7405206581565,36.3479424093177,40.776527510162,506.760825155676,52.7062779108643,14.6867178466359,25.6654040317903,56.7049006919822,"INSURANCE",4750.21065822194,26.8266295415402,"Train"
"State152","STABLE DEM",7.23466829789801,15.7590442107995,NA,39.9347741169566,503.108088498342,59.8276080814615,12.3557905320316,18.5819024279094,61.1943608942195,"INSURANCE",4842.92723731287,14.9572927904767,"Train"
"State153","DICTATORSHIP",45.927987427218,14.6755172891851,NA,43.2612228725591,495.629546714187,56.9078785725829,15.628396592293,25.8943940362366,61.4016878597041,"PRIVATE",15263.3515225715,22.7220443394619,"Train"
"State154","--",56.0104365112668,-99,NA,NA,513.614906202721,61.136501131524,NA,21.2183185615595,NA,"INSURANCE",4791.45099423576,25.5429805692475,"Train"
"State155","DICTATORSHIP",47.266355278767,19.9995779360586,36.4426477828093,41.2920822174915,491.094414444526,51.7897278264579,12.1237321173256,23.5578345969818,64.6588085257886,"PRIVATE",15000.6331069841,14.6481896056461,"Test"
"State156","OTHER",3.28328805756169,17.9767782382963,34.9300172976915,38.0520031130195,510.474774668837,20.5221108165966,12.0908692126329,23.2939025051989,32.0183753862611,"INSURANCE",5042.20351029108,34.3105024498091,"Test"
"State157","OTHER",5.91487569737071,13.3542508602935,NA,35.8922420363898,484.667374646111,50.135184857754,12.4449593733803,26.1378891688487,12,"FREE",NA,13.9905504092345,"Train"
"State158","STABLE DEM",8.07051658399311,15.2738492278824,NA,40.0970956451569,497.704624352029,57.6593349488918,16.2589710285622,24.2774235098431,64.0431362001801,"PRIVATE",14347.2420575555,17.7139278913638,"Train"
"State159","UNSTABLE DEM",14.6363219839426,NA,33.6952548636849,42.2459686415974,515.591397528844,56.5243348610648,NA,NA,59.8539278510771,"FREE",NA,28.7263008026813,"Test"
"State160","UNSTABLE DEM",1720.91769579435,17.4561188660388,NA,42.5474692292634,495.007410776901,59.1429008636922,13.1736515846975,20.9526890514743,60.4827948936528,"FREE",NA,16.1695790702449,"Train"
"State161","UNSTABLE DEM",123.240349537689,19.9601810282448,35.9339542523576,40.8356752890642,504.128614089708,59.9459515409789,12.4888217663346,21.5948024574819,61.816931845249,"FREE",NA,18.9764321388839,"Train"
"State162","UNSTABLE DEM",146.908706076729,13.5253158076516,NA,38.7528445736001,503.598731358126,57.0579740945397,12.7132997274326,19.4535526398684,62.0832266959216,"INSURANCE",4872.339010902,13.4652437841996,"Test"
"State163","OTHER",19.7094126773524,12.7638489571601,32.4730667054894,39.6251771306349,504.889189645384,58.197871019879,15.4858476610561,24.4507690279679,53.049632959491,"INSURANCE",5525.92959233147,24.1936973607667,"Train"
"State164","UNSTABLE DEM",4.96540890694054,12.4627580809907,NA,39.987399928097,500.242843657065,57.4952292060449,15.9584942467777,22.2005288548536,62.6648006658418,"INSURANCE",5091.54073757253,17.0455359612496,"Train"
"State165","OTHER",71.0195584210639,11.5289276686756,29.3745594474228,35.4195414579841,509.959981265976,53.6821255982449,15.8542361652113,25.266300573614,59.0277780341844,"INSURANCE",4978.26501350577,25.0968282455788,"Train"
"State166","UNSTABLE DEM",176.289750435079,12.7266126296013,NA,38.2601776208321,511.86311264408,56.0635879005371,16.8263495095219,21.269137003933,62.0273610383563,"FREE",NA,20.8391059162643,"Train"
"State167","UNSTABLE DEM",44.8182474081972,13.2478895459785,NA,37.2714824794783,507.035716848532,57.8952572733656,13.3561341123255,18.2108922281644,56.6225862673383,"FREE",NA,17.9951881243089,"Test"
"State168","UNSTABLE DEM",NA,16.4188360890981,36.374111032963,-99,515.433899752663,NA,NA,-99,-99,"INSURANCE",4879.37820559705,16.6549800310572,"Train"
"State169","UNSTABLE DEM",1.84196020071462,13.2312344472591,NA,38.2026175908029,495.179283447709,59.9405750877067,15.7812214218506,21.3146632248759,62.1086834942988,"PRIVATE",15662.9272621547,11.9208820300417,"Train"
"State170","DICTATORSHIP",13.3526025756929,12.8796042483892,NA,39.2175242704442,493.1724996111,59.2902105270877,17.0952883367305,24.6096502997872,60.8207802757286,"PRIVATE",14764.922208967,16.535473325551,"Train"
"State171","STABLE DEM",7.17650150791049,14.77108072018,NA,36.1610763326602,504.813102371778,51.6247310924425,14.4425033354523,22.8409290739292,63.131688641115,"INSURANCE",4811.04076363228,17.1495788891184,"Test"
"State172","STABLE DEM",38.2313214652522,14.7135531286155,28.9280280166963,37.2917023480569,511.02017844933,56.0310715925035,14.8357524085212,22.3783265468554,55.2202056891246,"INSURANCE",4826.77227806256,24.8431617059109,"Train"
"State173","OTHER",97.6165598076769,15.4458633288505,36.5687653240368,41.173316232529,493.929114738688,60.9890131692607,14.7072899712743,20.5650197691774,60.9491623609876,"INSURANCE",4908.08118090221,15.1733492087757,"Test"
"State174","--",175.699274338335,NA,NA,42.8120774660741,514.724892031008,NA,NA,20.719628232213,57.6511141989896,"PRIVATE",14360.6133208396,25.2324407150487,"Train"
"State175","UNSTABLE DEM",3.09615856819867,16.7313315838732,33.0579528307451,37.8617451026398,487.492273247024,22.4076375485675,13.3180060518827,24.2499351110543,30.1870172132325,"INSURANCE",5706.14838280329,24.5328789791331,"Train"
"State176","STABLE DEM",6.71146360124757,15.4015341589393,NA,37.1441869891311,503.304173382302,57.3956715125399,12.879534768522,21.0386330354704,60.3321338939365,"INSURANCE",4918.22526950266,14.7908608397961,"Test"
"State177","STABLE DEM",5.54388110102171,13.2567071708635,32.2866227101695,43.2862613249841,499.088524937735,17.6270143718174,14.6559738668592,26.8124079765356,29.7563611415943,"INSURANCE",4897.43694977387,34.5329964216827,"Train"
"State178","UNSTABLE DEM",4.36678155182066,18.3218018517687,NA,40.1794178665564,511.123850011003,51.2404022080369,13.7056804675205,22.4804737522551,66.4719936652527,"FREE",NA,20.8862569330474,"Train"
"State179","STABLE DEM",12.3095563775694,19.0654926742072,36.8451167833339,42.8266990760776,500.722105430752,58.4016528302495,14.8189996510184,24.705242699339,64.7477141052085,"INSURANCE",4614.64631794694,22.3181848813356,"Test"
"State180","DICTATORSHIP",2.95113980614522,14.1843148242551,32.9637198978251,40.2498012521037,498.114649992428,53.3582449701026,14.7739049978971,26.9446531505922,54.2938653318098,"PRIVATE",14684.8251639012,24.1526837451556,"Train"
"State181","UNSTABLE DEM",7.29703621302674,9.99679814398919,31.1255921374514,34.4287437374002,501.435602410484,57.6860381594166,17.9516328179847,25.9339571533212,57.5198500997577,"INSURANCE",4915.12138770416,19.6362612422163,"Test"
"State182","UNSTABLE DEM",31.3057269565697,16.4713175122927,35.1755124781182,37.3687961444004,491.655782032083,45.3477728956678,13.1598863232608,27.2294800213427,59.3661297569776,"INSURANCE",5054.02103943729,17.3652170796858,"Train"
"State183","--",8.49804089573644,-99,NA,NA,518.247414388204,NA,NA,NA,62.8160935311771,"INSURANCE",5152.65519986426,31.8496815594038,"Train"
"State184","UNSTABLE DEM",27.9683265782936,16.2823294793134,35.6924126538711,43.0110923370988,505.089453400938,57.9156595166497,15.8312027662319,24.201475445766,60.1300312706325,"PRIVATE",15234.0374499532,23.4711448156666,"Test"
"State185","UNSTABLE DEM",26.0190249115293,15.611624607209,NA,42.748261420627,495.464527319005,59.4234342427905,11.888358374611,18.3864903671112,60.7882339410231,"INSURANCE",4952.406331632,13.7351453428923,"Train"
"State186","UNSTABLE DEM",40.4731144242977,15.0312764638204,35.3474492284878,36.6653347511111,511.334251532793,56.0668051920176,13.9995967371118,23.1490740783877,61.1626772082014,"FREE",NA,24.5861204425986,"Train"
"State187","UNSTABLE DEM",90.3814136446975,14.1991404996901,38.4078205292374,41.9287437968312,492.866655995915,52.0686057470698,14.3265209798639,21.8047731836522,58.7866403807449,"INSURANCE",4961.37685456383,16.1482957112957,"Test"
"State188","UNSTABLE DEM",8.7315462895381,15.8922374492401,31.3657098396332,39.1073602409103,502.763199481112,59.3704271436122,13.1788403844828,20.0680132214788,57.5286363438111,"INSURANCE",4495.52200406458,17.4677713811071,"Train"
"State189","UNSTABLE DEM",11.3185894930299,14.8796345256966,NA,42.0741486724752,493.497222925772,52.6835154726873,14.6280038219078,22.5907394403312,-99,"INSURANCE",5188.65681962772,19.0710390680142,"Train"
"State190","UNSTABLE DEM",100.282956910485,12.7098050766569,32.5974165960956,33.8793804305231,491.874536525795,49.3135269505708,12.3886404391872,19.6720955448742,57.6724095353023,"INSURANCE",4870.34420263399,9.31746052017365,"Train"
"State191","STABLE DEM",27.4509767863328,18.9198640306509,NA,40.9936203743495,506.276980393442,55.5109862077963,12.6054164436806,27.693749064793,60.2603082646248,"INSURANCE",5064.353993572,28.6738981648152,"Train"
"State192","UNSTABLE DEM",48.3305748286945,NA,NA,NA,529.634624067374,52.2185255094155,16.9263237704376,NA,62.8466160836763,"INSURANCE",4993.8702390316,33.1397412951828,"Test"
"State193","STABLE DEM",48.7757007975624,13.4718518704387,NA,34.7215435456017,507.388560819253,52.9081002189104,14.6419325770657,24.8116152994336,62.604792161342,"INSURANCE",5378.71574764273,21.1788565583273,"Train"
"State194","STABLE DEM",46.5162976861085,16.6555271934514,35.5678258684159,36.8955033296449,505.995789829491,52.8081228683574,12.4713197935429,23.3568951206505,61.7064494504566,"PRIVATE",15220.5884460897,18.8458163023053,"Test"
"State195","STABLE DEM",54.5171212683352,12.8485122051487,35.6733513695108,44.5083137508668,501.2684428583,55.6227877010573,16.1462921029321,19.7965447445216,58.9469371712248,"FREE",NA,18.7295388121636,"Test"
"State196","UNSTABLE DEM",74.1143244167477,14.5032772790539,NA,36.7006097621114,502.057286363761,55.1506823641085,13.394238921057,20.6487370985779,59.5917219878573,"PRIVATE",15277.3350521075,14.4919712979495,"Train"
"State197","STABLE DEM",197.641260518584,10.1289668850226,NA,36.6024875016605,502.093219861481,54.687174682042,15.2276938155792,23.0007603634958,61.6105275646425,"FREE",NA,17.3414413042503,"Train"
"State198","DICTATORSHIP",58.9743289088873,16.9624040094934,34.190576412098,37.8813171250347,483.056375765614,61.5657042730274,13.056061256109,21.213371487003,60.6927764716087,"FREE",NA,7.31527264620958,"Train"
"State199","DICTATORSHIP",8.7083285582177,14.9198473546536,35.0555199138867,40.3013767381469,507.643543026653,51.2929608245286,14.0475764048024,21.3535345674216,67.1279971822213,"INSURANCE",5122.76199697137,17.0661223890785,"Train"
"State200","UNSTABLE DEM",5.45771260015257,12.664162038738,NA,39.9446846053502,489.803970866019,56.5937359512186,14.1829455613584,21.9596655765904,58.093394234533,"PRIVATE",14914.1641656432,13.7357943637788,"Train"
"State201","STABLE DEM",23.0305727712218,10.8676877436821,NA,34.3119755948567,489.143977434052,58.2101745511137,13.8171880839758,21.767391025053,55.8203367634514,"INSURANCE",5165.616653354,11.1134530275576,"Train"
"State202","STABLE DEM",13.7509666917832,13.8393042658819,NA,38.6189895057205,507.454025533429,61.8535021430591,12.9305318663254,20.4273203211482,52.8037528007465,"FREE",NA,19.5190317954904,"Train"
"State203","UNSTABLE DEM",41.3765316202085,18.7257965180829,NA,NA,512.233663461498,NA,10.2230781326835,20.7802842557183,NA,"INSURANCE",4703.02091786545,18.8287068971536,"Train"
"State204","UNSTABLE DEM",27.9811621793828,10.2427267996162,31.7972803971154,36.0782580631931,493.972924328142,56.6169848693216,17.8769505189759,23.5928653176627,63.5040617326803,"FREE",NA,16.6524801835657,"Test"
"State205","STABLE DEM",19.1432445262148,11.5883791591816,31.5693738912111,36.5743807005483,509.085257790098,53.2163526967642,16.1402529502409,27.0398414382141,57.9388075676169,"FREE",NA,26.4379472805069,"Train"
"State206","UNSTABLE DEM",208.269769774326,14.6209356326685,NA,39.6848844599581,504.248384283316,56.900456336574,14.3411943099285,25.0924741173259,57.2042498631498,"INSURANCE",4885.70948959587,24.015639629455,"Train"
"State207","UNSTABLE DEM",368.156884558925,9.88223327597701,32.2701204968524,37.9538090364927,489.855606454598,51.319352237471,16.3826189198043,24.3745547331848,57.7415592050696,"INSURANCE",4867.59599480284,15.4220084051458,"Train"
"State208","UNSTABLE DEM",12.1345982231358,14.7468505225972,35.4324021393914,36.8197680257469,483.451674470715,55.8722183593811,14.385330213887,24.2025625149107,63.0567776500657,"INSURANCE",5161.22263298283,11.4860063064761,"Train"
"State209","STABLE DEM",17.961883289806,17.9658456015007,NA,39.5812725413138,493.526956902374,54.3644063617807,12.5677173150947,23.031431651437,57.9577303301627,"INSURANCE",5033.02996038494,18.2780215866583,"Test"
"State210","OTHER",12.6741048666613,12.37946991033,32.1008532950732,37.3320008317753,499.42910698403,53.4385706756279,14.0913147289445,24.1082292758182,59.2843813754318,"FREE",NA,20.1688624025217,"Test"
"State211","UNSTABLE DEM",180.440594075985,17.749520589446,34.1051295595116,39.4194694391612,498.553607347414,50.4046559928769,11.2586138514959,21.184110168249,62.5761641258735,"INSURANCE",4755.22967823109,16.4306445600741,"Train"
"State212","UNSTABLE DEM",124.884309909479,14.9949813996691,NA,37.5047581582765,496.906994501183,55.0421343144092,13.1249453236236,21.6279505209375,-99,"INSURANCE",5244.36927172463,16.0649979513649,"Train"
"State213","OTHER",31.8214576690212,17.9326487053297,36.9764353846938,41.3477776284224,479.200935027553,58.7087551757176,12.3390332766263,21.8066361276744,61.7195225747623,"INSURANCE",5178.52852329707,7.97539616246516,"Test"
"State214","STABLE DEM",12.8773977307763,13.3964313301775,NA,38.7105638930664,498.083885004719,59.8769486166496,15.5299326027605,22.2158841510337,58.0064966884856,"PRIVATE",14868.5547837691,14.0600848494571,"Test"
"State215","UNSTABLE DEM",11.7958007171762,15.6272063302479,NA,37.8904467894894,499.403415680608,48.1450841910768,13.7797041616654,27.7688868620355,62.1809336046766,"INSURANCE",5148.38376223607,22.5343599580473,"Train"
"State216","OTHER",47.0509637508199,16.1062002070833,31.9188424491759,43.5607321267845,486.825605951383,57.4872720831205,13.9720227290503,24.4972875288147,58.4300960955238,"FREE",NA,18.1696834486124,"Train"
"State217","DICTATORSHIP",12.1701617819176,19.0108576802945,35.3252172710606,40.1229837225255,497.17979976509,60.3449208977086,11.9213366919486,21.9618459880562,59.55085134685,"PRIVATE",15320.4161244809,16.8194525450269,"Train"
"State218","UNSTABLE DEM",9.0443616992116,16.786453631607,NA,42.2013248910939,502.01209598968,58.0991953942951,12.6239434580582,20.9354327290821,61.3158166576414,"PRIVATE",15357.3362230491,18.7098792661765,"Train"
"State219","UNSTABLE DEM",205.521672742042,19.3884812856786,NA,35.8185289893609,508.38599629636,52.6205059957697,9.74014448742638,22.2081193606513,61.2430232335414,"INSURANCE",4978.14386768228,20.1593587778747,"Test"
"State220","STABLE DEM",37.4963133777861,15.3156030768058,NA,43.9360173719698,477.142096608906,59.8517794657785,14.5943647400721,19.0614658510141,62.8600345269553,"INSURANCE",4702.37718562967,6.01112642779441,"Test"
"State221","UNSTABLE DEM",73.3241625085018,9.95258782544512,NA,38.9411763200243,495.046608652946,52.2203079470488,15.8111891123532,22.2168299395081,64.3815365861847,"INSURANCE",5101.65040890478,13.7863458027553,"Train"
"State222","STABLE DEM",227.133805711703,15.3204447992638,NA,35.586350646841,505.103754610342,55.5787849268941,11.7339629413979,22.4840766120913,56.7544379535197,"PRIVATE",14301.0730931808,20.6128181780925,"Train"
"State223","UNSTABLE DEM",79.2290356404671,16.691741669963,NA,42.1428283117514,505.154986538951,52.4026627794069,12.2562344904611,21.5344261180746,61.8949220019762,"INSURANCE",4547.38870487977,21.7901296044483,"Test"
"State224","UNSTABLE DEM",17.2959186202121,15.7394830989233,34.9758040490203,41.1859182499146,509.308541910104,53.9616056626145,12.3080920881188,18.7848334433941,65.1039896261917,"INSURANCE",5175.00282650568,16.9214240771093,"Train"
"State225","STABLE DEM",10.1835231208953,10.7535752591887,30.0913534992259,34.9162420882741,485.99985218594,50.6546209229296,14.3689654823744,22.0525980141556,61.9396797706121,"INSURANCE",5064.86757528164,10.2421592498873,"Test"
"State226","STABLE DEM",32.8087190780253,15.2992048198867,NA,39.9416551646014,497.649752923606,60.056201186265,14.2930479157169,20.8570522429041,61.0245873051912,"PRIVATE",15068.7780719494,14.3620429634473,"Train"
"State227","STABLE DEM",27.242564459581,14.9684123834659,NA,40.1806288408273,507.482312749831,61.4168230057637,14.8087474567634,26.9667181199465,56.1662196084915,"PRIVATE",15071.9656402332,27.7775682673388,"Train"
"State228","STABLE DEM",3.54296354720916,10.1148635102061,NA,38.2107116434243,499.446186005457,56.3176603823432,17.1157734287383,24.6904899247897,59.999804304592,"INSURANCE",4701.2511926151,20.6113778793194,"Train"
"State229","UNSTABLE DEM",5.3896119447258,17.0549051686351,NA,39.5699944871356,499.29516035523,59.6128194282146,12.4890667079966,25.1234301855015,56.3417232149689,"FREE",NA,23.2185521672976,"Test"
"State230","UNSTABLE DEM",62.8960734147396,10.7466195044081,29.6484589163393,33.5087478052563,495.078313758706,56.086803220974,14.3162145727186,22.7945637735033,55.90896191074,"INSURANCE",4884.96545538298,14.21955900855,"Train"
"State231","UNSTABLE DEM",38.3214618081182,14.3663851400921,NA,42.9131335096278,510.120700125809,58.3597255595851,16.1384971085395,22.2936719206837,59.7831568305362,"INSURANCE",4906.837310919,23.3285848651589,"Train"
"State232","STABLE DEM",9.33911562720204,18.4653244677581,34.1279787874779,45.6047089382401,501.291200670858,58.2827496392742,11.2975272978798,22.0821792576485,57.7343894078471,"INSURANCE",4926.76825680602,23.1941665003475,"Train"
"State233","STABLE DEM",127.926020204171,14.0435383437603,34.3147255086361,38.2534464245174,505.443219617172,57.9030446987276,17.083551236732,26.1581309713696,61.9625016187872,"INSURANCE",5034.07034180216,24.8058953490354,"Train"
"State234","UNSTABLE DEM",23.5419697266829,12.6240653027323,31.7514349745566,37.3643089346448,500.795041356995,56.0944921570941,15.7161509839258,22.9142125866515,63.8799205580064,"INSURANCE",5274.49493827655,16.715058147739,"Train"
"State235","UNSTABLE DEM",NA,10.3190801517416,NA,33.1603764017711,NA,NA,16.664435002574,26.400952204493,61.9457692538818,"FREE",NA,26.1679285403336,"Train"
"State236","STABLE DEM",95.215173355656,14.9714583638867,NA,41.0316588225179,502.712604895593,59.2125182886729,15.0408821418861,23.1560029043736,60.5715601472388,"INSURANCE",4936.98764850808,22.2495639974417,"Test"
"State237","UNSTABLE DEM",22.9376941290357,19.4466400230475,35.9476894630437,43.089903277117,511.222025823818,60.567446105707,10.460225499723,15.3644842552684,-99,"PRIVATE",14688.8917793935,15.0036525741379,"Train"
"State238","STABLE DEM",87.311196154316,16.3177857412633,NA,38.8443838533341,492.528264513333,59.9282973566916,14.1871369641581,24.3450742191713,56.3978218505629,"PRIVATE",15137.5454947581,17.838728895624,"Train"
"State239","STABLE DEM",16.4499604176995,16.0785966885666,35.2551803001787,39.0757745542781,502.440303817248,55.4460223844881,13.7866099665093,24.1141197960656,59.8773202997591,"PRIVATE",15661.4013742468,21.7824583671834,"Train"
"State240","STABLE DEM",10.4573947721064,15.9168417495797,33.9305453243452,42.0835007490454,506.006733862181,60.9251952631324,13.8727133362274,19.781783651368,56.8382454017978,"PRIVATE",15521.6419439674,19.0480234525968,"Train"
"State241","UNSTABLE DEM",54.5720438278657,14.4189898595463,NA,44.3947321830632,493.097341752535,55.5361965561351,13.527092394233,22.2381339223577,-99,"FREE",NA,16.7410172534491,"Test"
"State242","STABLE DEM",22.4128999816129,14.9555105267768,NA,39.6892814176931,509.899416147362,53.4962016919273,14.1679275660858,24.5324017354051,63.1678053497776,"INSURANCE",5121.57054501183,24.2025593408995,"Test"
"State243","STABLE DEM",15.2949855701173,14.7551534217678,32.3268750780141,42.2616702531564,509.189685413918,59.0528865836232,12.8974422070959,17.6351465673581,66.845311226574,"INSURANCE",5110.3265914425,15.1274514960367,"Train"
"State244","UNSTABLE DEM",223.946738623625,15.2912280848314,NA,41.5411686380339,491.101449146709,49.4717690244794,12.3956963746729,24.7843309506749,57.7947458935868,"PRIVATE",13779.0034342982,20.1711541522256,"Train"
"State245","OTHER",16.9610051008799,12.4222818719224,29.3763281838284,32.3645961962743,496.01461852919,59.1636790501182,14.786955789458,22.8158641033253,54.1170856169658,"PRIVATE",15107.5101287718,16.2949184751665,"Train"
"State246","STABLE DEM",10.1200909463929,14.5486929769525,NA,33.6741557631948,506.16881426552,60.7729993370631,15.1436840681339,25.6066665695415,52.9864813528593,"INSURANCE",5012.24901944729,23.8966329633339,"Train"
"State247","UNSTABLE DEM",25.3012244200715,NA,35.0220606119012,-99,517.84760881029,NA,NA,-99,-99,"PRIVATE",15414.3817930431,17.5955441390684,"Test"
"State248","UNSTABLE DEM",33.4953470280818,15.0965397813511,33.4966482732871,42.5637502449806,490.359231967939,53.4690613338202,12.9718036636103,23.402056586466,64.2620913089961,"INSURANCE",4990.99463293792,13.4528013494841,"Train"
"State249","UNSTABLE DEM",42.203880574946,13.0002565148785,32.5514803336363,39.7990409649568,500.742859332571,57.6111703422053,15.5695253440246,22.4203204168323,60.762751929698,"INSURANCE",4977.63030279177,17.519522056881,"Test"
"State250","UNSTABLE DEM",10.2921178992761,11.7036301536989,NA,36.543669348937,483.091957523825,46.4759059143019,13.1823178940912,24.5268883562875,64.1563518506525,"INSURANCE",5234.82111529439,9.00157482509132,"Train"
"State251","STABLE DEM",21.9315785163935,16.8728730058667,NA,40.409485897813,499.204809183134,61.4851964991983,13.9945896780132,21.4620492730055,61.5370109024255,"INSURANCE",5175.70142612116,16.0797201999623,"Train"
"State252","STABLE DEM",93.826665937736,15.6078117614484,NA,38.2894657954287,510.663749339041,54.9907561559816,13.4814782468094,20.5395048283436,61.501143629029,"INSURANCE",4801.27319021483,20.3697191126926,"Test"
"State253","OTHER",34.102053532014,15.3216202071348,NA,39.3235444620676,503.707075516062,25.10087301518,14.0460988042075,25.7137383817772,28.2578935544589,"INSURANCE",5243.64534744922,33.8419147295776,"Train"
"State254","UNSTABLE DEM",7.57872109342403,14.5952413570966,NA,36.6063479252376,493.281011467386,50.0150369450101,13.1519816912874,23.0878332611723,62.007415335613,"INSURANCE",4826.49557901072,16.4487215222,"Train"
"State255","UNSTABLE DEM",37.8872490976155,12.1029074351267,29.6915415695447,36.7256255156623,499.763470055506,61.6013733583498,14.4318553586364,20.3323535209574,61.7343634753508,"INSURANCE",4888.56262575819,13.6613074627107,"Train"
"State256","STABLE DEM",29.8606726687454,NA,33.1543898622461,-99,NA,57.2485754517627,14.1000440175124,-99,-99,"PRIVATE",15095.5505326321,27.9454287794712,"Train"
"State257","UNSTABLE DEM",181.602766525977,16.8737783049785,NA,37.0646987928794,496.586488902453,56.4088761458771,11.4908184390485,24.6682203020815,55.4794507303304,"INSURANCE",5577.10069769713,19.7195355637204,"Train"
"State258","UNSTABLE DEM",87.7021450379214,12.7325548002667,NA,36.0434319150594,487.523604662927,57.1342342365865,12.5867966233684,20.9387138045627,59.1381897374134,"INSURANCE",4919.56723668853,9.97672597294272,"Train"
"State259","UNSTABLE DEM",10.4397768552468,13.9030855301636,NA,38.8438581753118,498.439871198834,58.1694194086454,16.70517778805,21.9477469487975,58.0535866913748,"INSURANCE",5169.66009075157,18.7352266851395,"Train"
"State260","OTHER",132.332294856512,18.317142466963,40.4368414176796,44.0618737151002,500.693848218341,22.9722486618647,17.8655849970491,28.7678182961256,39.3113125928959,"INSURANCE",4823.63325915104,36.6744831105652,"Train"
"State261","UNSTABLE DEM",21.5275547613808,10.6132171303053,30.5153845074478,39.435712515648,482.864580448381,60.6967437683944,16.2030480783823,23.9080683722751,57.7793930269284,"FREE",NA,14.505071468226,"Test"
"State262","UNSTABLE DEM",9.4811698640831,15.6688815861044,33.9614102357423,38.9897988366869,492.0123605448,61.4054104726509,13.2442476756716,18.549023626063,61.3038224544352,"PRIVATE",14613.4514805093,9.28233845586984,"Train"
"State263","UNSTABLE DEM",13.7961287879207,11.6016519735246,NA,35.6901367087086,494.759235324922,61.2133041889472,14.6554839167645,20.692689546449,59.118063328464,"INSURANCE",5194.04712841846,10.55657737475,"Train"
"State264","UNSTABLE DEM",52.2848254307958,19.1193259184286,NA,41.6255126734317,501.531868381788,57.5520838705476,12.5170496226785,19.4489194074468,61.4929002703481,"INSURANCE",4960.26795381635,14.5144788413706,"Train"
"State265","--",NA,NA,31.3728211822571,40.8945203847278,512.74617361462,56.528498002508,NA,24.110864820024,64.7611251043227,"INSURANCE",4918.57254763441,24.9100827092387,"Test"
"State266","--",10.3983726946439,-99,34.8268877759626,NA,NA,51.7158877756267,NA,20.888924960706,NA,"INSURANCE",5137.55169170256,24.121750297288,"Test"
"State267","UNSTABLE DEM",25.0681595353215,13.4325657995677,NA,39.5082011421717,505.698258392151,51.1361273253068,14.5998610597973,27.5943954252294,57.360152537395,"INSURANCE",4638.67151751526,26.7009967033484,"Test"
"State268","STABLE DEM",1.81431317734879,13.3605739275125,34.757346056519,41.0035866792614,492.440883456597,55.2563073285149,11.1521105516504,19.9850365254144,54.2497347877204,"FREE",NA,13.8888588600821,"Train"
"State269","STABLE DEM",49.3755936573793,12.5979390139667,NA,39.6064301591006,487.235968619045,57.2979752851989,15.0655538904654,22.9938615593903,59.5255801313503,"INSURANCE",4948.27401397166,13.9815707286118,"Train"
"State270","DICTATORSHIP",64.7742905544358,16.32489919288,NA,39.6876114602905,511.249351957206,51.8655425988258,15.5388218994896,25.9975699206986,59.207418430932,"FREE",NA,28.0142357204003,"Train"
"State271","OTHER",21.8126930929322,14.1345544826663,34.6036585438849,39.4372422337659,510.781725625644,55.1679497757786,15.6337528419486,23.2346996513282,67.196390682329,"FREE",NA,22.7818308681894,"Train"
"State272","STABLE DEM",12.564482002823,16.6400061903996,NA,42.679470971487,494.530008014433,53.0312504241121,13.3944504022634,19.6039076961518,63.4486380466805,"INSURANCE",5007.68586438864,12.5538182400086,"Train"
"State273","UNSTABLE DEM",16.7349129886786,14.2551433335707,NA,39.7850168386546,499.639855503442,58.6469538011916,15.131225056302,24.5580636969949,57.0022471489891,"INSURANCE",4863.32579320452,20.6853541779393,"Train"
"State274","STABLE DEM",49.1136884323202,17.5606849075784,NA,40.6563857553052,496.084910599335,52.5840820147957,12.6104184437858,24.0413245829306,56.8815614273931,"INSURANCE",5130.92491644267,20.9672492235155,"Train"
"State275","STABLE DEM",36.3617905832243,12.0923539910948,NA,36.5311053640578,495.311908702408,50.6192349191891,16.1393079513039,25.14798560182,61.2643212679758,"FREE",NA,18.7456125327825,"Test"
"State276","UNSTABLE DEM",12.8115879209243,10.1935285454623,NA,38.5306216785551,509.209080399409,56.1914085965499,15.3546218753831,22.7028214536041,61.4727303474914,"INSURANCE",5122.48312048402,20.9125478205888,"Test"
"State277","STABLE DEM",24.4545355221131,15.1690002607935,NA,39.9149588518041,497.37021629876,60.1146312715295,13.2899076389159,19.7189529918909,57.5693509257522,"INSURANCE",5430.71240528295,12.8440073015214,"Train"
"State278","OTHER",59.853237229835,17.2786921187196,NA,42.122395971233,510.549682864991,58.9044375210561,13.9891104160912,22.0224257170388,66.9501722579391,"INSURANCE",5088.31476732938,21.3383087346588,"Train"
"State279","STABLE DEM",9.88212005373,14.136073851248,NA,40.1358011809096,496.109573064993,57.2754822000207,17.1809389301743,23.9252190291589,57.5728652641235,"FREE",NA,20.7273184556986,"Train"
"State280","UNSTABLE DEM",85.715750511173,14.5388661077115,NA,40.230165943332,491.674062671927,57.4361513654862,13.8020395417294,23.354812377417,58.5378024718045,"INSURANCE",4963.98847999636,14.5492257082021,"Train"
"State281","STABLE DEM",79.427690145957,18.2690147367778,NA,42.0225439490288,509.736849606314,56.5269399952733,13.2856923928662,22.6105758959461,57.615149094731,"PRIVATE",14991.5974977639,23.6890303629612,"Train"
"State282","UNSTABLE DEM",69.3823182943999,12.4087565048563,31.6268860014604,37.3031402397057,498.785161668261,55.3807330091551,15.2743977725705,22.9072955463792,58.3721851916135,"INSURANCE",5301.90598372698,18.6764674554227,"Train"
"State283","OTHER",15.4952687248383,17.8351547935115,NA,39.7942712776242,507.702998216507,53.2621895977064,14.3725057893997,21.9489196252374,69.2849507359954,"INSURANCE",5328.62950187969,18.7343141212938,"Test"
"State284","UNSTABLE DEM",9.26248553448946,12.8364329331049,32.8620854650204,37.9396247869533,NA,NA,15.1904915619218,NA,58.2733065440055,"INSURANCE",4857.31405176216,24.7429041358423,"Train"
"State285","UNSTABLE DEM",15.8017731714536,16.0954350083099,34.5853748812152,35.7202906599268,509.667060630638,50.0242625506469,11.7358445503317,23.4784320035163,-99,"PRIVATE",14852.1296642791,20.0744229383248,"Train"
"State286","DICTATORSHIP",8.87445370851075,20.141394865013,NA,41.3613646351287,507.036381471201,56.2037414169104,12.8716320496433,27.2266824659856,58.7341885873532,"INSURANCE",5026.81046759892,28.9691948381041,"Test"
"State287","UNSTABLE DEM",13.2323303782042,15.9736551910948,35.4836020792405,33.8716578446153,494.88902269559,54.2908059469959,13.2441521173417,26.807722854763,54.0885450827017,"FREE",NA,21.2519419529513,"Train"
"State288","UNSTABLE DEM",11.1620289150739,NA,NA,-99,516.898967799982,NA,11.1349399373074,-99,-99,"INSURANCE",5076.70382092129,27.8816069733309,"Train"
"State289","STABLE DEM",143.926672409091,18.7841111313431,NA,39.2689299908366,487.650486211372,60.348075005194,13.2339429749232,20.5546282088698,58.9296993959937,"PRIVATE",15490.0638662236,10.3711342647479,"Test"
"State290","OTHER",37.7482844971856,18.0747784325288,NA,44.1850700140689,493.410931833241,54.9655020500628,11.1633225586112,19.8285838937443,61.7284097326758,"FREE",NA,13.6287723722779,"Train"
"State291","DICTATORSHIP",17.1770531303438,16.031296149181,32.881659680514,37.8157613384394,504.125102205296,57.2811279142802,13.4110082515,23.7541015826981,60.0919706380171,"INSURANCE",4645.07210032833,20.4987150669939,"Train"
"State292","STABLE DEM",15.1666903135962,17.6855353977544,35.4372866432332,39.3613574090466,507.584602782105,64.2786022287713,13.4838129981012,20.5481058492855,58.9115708834574,"INSURANCE",4668.1978110337,19.8919443896901,"Train"
"State293","STABLE DEM",139.716360520071,18.4289667773422,NA,41.3846623434705,495.85884682868,51.6815753225382,11.0634407014022,22.1160866713474,55.0953205715405,"FREE",NA,21.7373620783634,"Test"
"State294","UNSTABLE DEM",27.3311150110296,13.8060963764768,31.0671518707692,38.4712783725128,497.579441725976,59.7996314277502,13.5299859736026,23.9722208948494,-99,"INSURANCE",5060.89462512006,17.4291495406268,"Train"
"State295","STABLE DEM",19.3930879540147,12.7173956619272,NA,35.6229924168222,488.171000897615,50.4013290431878,15.5752485159123,27.4403070782236,60.3989255274219,"INSURANCE",5117.31895542411,16.1294347754764,"Train"
"State296","UNSTABLE DEM",32.8847498860005,19.5367961927712,NA,43.19285092639,506.068191603556,24.7494706531396,12.7679961099349,23.4516004795773,38.4305112388136,"INSURANCE",5206.30291136131,31.8084259921874,"Train"
"State297","STABLE DEM",13.2062393180118,NA,NA,NA,514.971812246783,56.2035005683511,NA,24.626407994203,54.7543006525578,"FREE",NA,27.835152754625,"Test"
"State298","STABLE DEM",15.6545650952927,14.3737522879017,NA,38.8995842569045,498.876973984328,60.2622436387685,14.0209982638055,21.8438974929721,59.9849086094777,"PRIVATE",15148.7767967613,16.9359359362607,"Train"
"State299","STABLE DEM",18.3490915362057,14.5119574319032,36.7660933297508,41.1402792598241,504.27740800959,62.5194675352193,15.9561905694988,24.5509630554329,59.529378225245,"FREE",NA,24.1511672109754,"Test"
"State300","OTHER",47.5228064442542,17.2128436987552,31.9941441049256,37.9753174931557,502.512607853969,53.9534872752938,11.707542298669,21.4200657337237,59.0717671923385,"FREE",NA,18.0028671735589,"Train"
"State301","STABLE DEM",42.0763963683185,16.4872753398527,NA,39.5691807122536,499.335462121744,54.8546225205189,13.0575146075008,25.9530454683491,58.4468365026689,"FREE",NA,23.6765309651729,"Train"
"State302","STABLE DEM",46.7855410170853,12.2158503640738,NA,37.3599347967113,503.116913557217,52.3258979422637,14.3966511271541,26.9077500593347,61.1043858375371,"INSURANCE",5149.66852998732,24.5657268045952,"Train"
"State303","UNSTABLE DEM",40.4200239151528,17.1624395534686,36.3166846116113,38.5665198945441,509.494410348014,50.6722076566919,11.8344594986774,21.9241150835177,62.7947537505041,"INSURANCE",4590.09667317099,20.344491489712,"Train"
"State304","STABLE DEM",10.4514600792743,13.4597823288339,NA,36.147765237204,499.449827223413,59.7270036296067,15.7669503652571,24.6262933773542,54.7604114236318,"FREE",NA,19.6706036244356,"Train"
"State305","OTHER",3.11697835054077,17.800620132246,34.8346613935732,40.7774691769137,496.010929733432,58.8106126795491,12.6715372311546,21.0525868501816,60.3608119912649,"INSURANCE",5011.47708291755,17.0027959847153,"Train"
"State306","STABLE DEM",34.4068293251698,13.5999453248128,38.0808579133964,NA,NA,57.7360293110743,NA,26.8598828697657,58.9462314242787,"PRIVATE",15420.6322798136,28.5810105686531,"Train"
"State307","STABLE DEM",8.66666840024351,11.4616683058769,31.5432113977984,-99,513.106003707608,13.8220100431881,NA,-99,-99,"INSURANCE",5321.10500779229,36.5944603846671,"Train"
"State308","STABLE DEM",23.3176946508663,10.6294521726709,NA,36.3091069791794,497.801055968739,59.3665694936576,16.0289778192976,22.7066192526316,53.2826413164788,"FREE",NA,17.1529373777497,"Train"
"State309","UNSTABLE DEM",29.2681762291948,NA,34.4078148054931,36.5461073498312,531.434566606414,NA,12.3508654984296,25.134503792683,NA,"INSURANCE",4734.46805555932,33.509606765528,"Test"
"State310","STABLE DEM",55.5814738352515,18.1484984790047,34.4140769203041,36.3093319856011,503.482709219488,53.9277677173748,12.0537320534448,19.3819537567897,57.9262036170579,"PRIVATE",14855.3062303201,13.8198128327643,"Train"
"State311","--",NA,NA,NA,-99,512.649323813261,62.8343705396762,NA,-99,-99,"INSURANCE",5028.76570694178,27.4208707197695,"Train"
"State312","--",207.230888713418,NA,34.8362876236229,38.814816706009,NA,51.6482622848232,NA,25.7479311083755,NA,"INSURANCE",4935.22231960141,29.7594819426586,"Train"
"State313","UNSTABLE DEM",17.1654860830619,13.8974275745629,NA,40.8930652709494,493.623761331399,51.5016598591825,16.6555626424548,23.3699621557768,-99,"INSURANCE",5057.0309470118,18.3798146647804,"Train"
"State314","OTHER",5.92897011385104,17.1124740574547,37.7615883481766,41.4832473065542,507.066380703062,49.4494037230805,14.6373846804042,27.3710778526061,59.8266089252786,"FREE",NA,28.580332657265,"Train"
"State315","STABLE DEM",17.1605945408117,14.6984669621239,NA,39.6648910790338,488.772082912015,56.4327043060225,14.2137105770973,23.7258452375525,57.6498339142282,"FREE",NA,16.7617339624553,"Train"
"State316","STABLE DEM",2.84483697214255,15.1367556614082,NA,40.5563077226544,496.579488106173,52.1638953900913,11.5487910599122,19.1070171932959,62.4678363739945,"INSURANCE",4747.79483277287,12.0692356132991,"Train"
"State317","UNSTABLE DEM",16.4315348066703,16.7095273376937,37.2538515615143,38.3838367127737,509.75366280982,50.5443030027951,13.3827513168026,26.5852650368163,61.9959054424325,"INSURANCE",4550.39051432758,27.4258847750997,"Train"
"State318","OTHER",74.6095244875132,16.0337368179065,NA,39.9065405395107,503.615984102775,53.9167130708041,14.0478967225094,24.2968739918787,58.1429736327124,"PRIVATE",15044.1023505847,23.2896209273806,"Test"
"State319","UNSTABLE DEM",77.7457882082288,15.3216539796204,NA,44.1679848738691,500.313237677096,63.0868387834251,15.4143964507348,18.7943841049279,61.2281207619299,"INSURANCE",5308.19743278483,14.9704529635192,"Test"
"State320","OTHER",297.769701877939,12.3324021185725,NA,37.927615577105,490.301379656926,55.529031675025,16.0858904609641,25.0987985112072,12,"INSURANCE",5215.99763428582,15.156782326409,"Train"
"State321","UNSTABLE DEM",15.239656840914,14.8816239195293,32.9754321955853,35.4375520682149,510.337752874515,55.8529705070447,15.2565157939923,22.9789090619677,-99,"PRIVATE",14759.6676147609,21.34608580605,"Train"
"State322","UNSTABLE DEM",27.1775733695222,14.1605630197054,31.3723063022525,37.8564671411981,494.381292711442,62.59184184207,15.2125719658285,22.7140176544635,60.678449716217,"INSURANCE",5327.57127776707,14.2274118821257,"Train"
"State323","UNSTABLE DEM",200.380008893631,13.8325246332914,36.5815391191299,39.2733403676024,494.127697204736,53.9132788981621,14.5257197838667,24.1568296205691,59.4453337554956,"FREE",NA,18.4116600059177,"Train"
"State324","STABLE DEM",57.2916994967219,16.0423086662814,32.7014554768121,41.1195615626354,505.810914832487,57.68651912528,13.5139482763924,23.9378489877733,57.5774996896051,"PRIVATE",14973.4301591671,23.9375410297075,"Test"
"State325","STABLE DEM",18.911868815694,15.3875396058911,36.7128057790901,NA,516.775130302722,NA,NA,20.5404811713799,60.5246342593948,"INSURANCE",5058.17583961773,24.7877294405612,"Train"
"State326","STABLE DEM",270.515785543655,12.9941546050444,33.7821934073581,42.0838511922999,499.222050678312,60.2374757607012,16.6883073195275,26.0132779461477,56.8725786428736,"PRIVATE",15024.2025556117,25.0622974416722,"Train"
"State327","UNSTABLE DEM",335.394741415063,14.1218811304996,NA,38.7451608034526,492.209877490297,47.9004485646961,14.2568562813047,22.8715790396782,64.5468424586058,"INSURANCE",4969.51792539278,14.7130139167685,"Train"
"State328","UNSTABLE DEM",72.1968416334771,11.6219374378643,32.938130619691,37.0515002757828,493.455401417758,56.977390612603,16.0484407986417,24.431149550869,59.8363962303332,"FREE",NA,17.6559694851474,"Train"
"State329","STABLE DEM",11.9108758236096,17.7096117464638,33.8129288720716,43.4465241890199,496.02425693358,60.6697022890802,14.2886794902214,23.8709426621471,63.7582047586333,"INSURANCE",5184.06654332176,16.2844974068895,"Train"
"State330","UNSTABLE DEM",54.7957679362485,15.7334902532203,34.0019276699068,40.0347359261221,506.733273812118,49.4926548651274,12.0588926571771,24.5180525698605,60.8087945540859,"INSURANCE",4831.34324554681,23.4192073028689,"Test"
"State331","OTHER",5.20016125315484,17.3189600956936,39.1055159535823,41.9782953506257,487.760182876155,52.8691033723324,13.2363032792159,24.1040927170551,58.3519325789364,"INSURANCE",5116.99044609389,13.7776979068198,"Test"
"State332","UNSTABLE DEM",202.456544701898,12.7133226687157,NA,37.2426793235206,502.749375980901,54.9697045798851,14.8950090809169,26.6728251454712,62.0666721618207,"INSURANCE",5130.63366629439,23.5663024430365,"Train"
"State333","STABLE DEM",73.9029275491127,11.3974126445485,NA,36.9226047119412,502.609225136896,52.1957218050958,12.9870282045054,18.5194307188092,63.6946777491311,"INSURANCE",5285.95371639523,12.7832114966044,"Test"
"State334","STABLE DEM",8.69780883171142,15.2559403078611,NA,35.8936422657888,500.691218856541,54.1016824326635,17.4841648894114,31.6180001872045,56.6887373075514,"INSURANCE",5164.66662377447,28.6192728803943,"Test"
"State335","UNSTABLE DEM",6.4636559797827,18.0840377444449,NA,39.77692296015,501.667986397513,54.195817364247,10.0743410925608,20.2993880869015,-99,"PRIVATE",14551.6975642692,17.1606089637394,"Train"
"State336","STABLE DEM",11.7682785161092,15.6595641427736,30.040361840059,34.6166297581513,509.553840466883,49.4755861842132,10.8435473274822,22.830851056509,57.9948795131079,"INSURANCE",4828.27313384677,22.6998458283571,"Train"
"State337","DICTATORSHIP",26.3966078309476,17.4311706196277,NA,39.4545307304437,482.820696192546,54.5268455157819,13.8593291784449,22.7313493119138,63.9959552872761,"INSURANCE",5264.97060813457,8.5956615244456,"Train"
"State338","STABLE DEM",46.955869828544,NA,NA,-99,514.396714068311,54.7762553579969,12.8303567208439,-99,-99,"INSURANCE",5269.41852282443,19.1232874931683,"Test"
"State339","STABLE DEM",23.9355004632358,14.9118579060393,31.404974167489,36.5326654912087,487.386189669156,51.9906992932976,12.634735904164,24.4399538773948,58.8229551577503,"FREE",NA,14.77323609855,"Test"
"State340","UNSTABLE DEM",33.4948949042029,NA,38.1702668373818,42.1114785759348,519.196588379023,55.4548016576842,NA,22.5090473905499,NA,"FREE",NA,29.2458630669466,"Test"
"State341","STABLE DEM",143.103491718019,13.4195298543835,32.6615893264839,43.0325719826697,509.924240930738,55.9474407725507,13.9687475641119,23.6048712441626,59.4451594383,"INSURANCE",5084.59641404141,24.6834453257788,"Train"
"State342","UNSTABLE DEM",75.0941887469146,14.3049498806949,NA,41.7934248901999,500.948989289903,63.6947265288617,16.8556335470031,23.8436483357863,55.636611623286,"PRIVATE",14734.4911354409,22.7951002233693,"Train"
"State343","UNSTABLE DEM",25.6019406359109,16.2531785208026,NA,38.1963446611519,496.32187375812,50.7730742390823,11.5548008301038,22.5113265436049,59.5628673834912,"INSURANCE",4677.51466986807,14.6109134162293,"Test"
"State344","OTHER",58.46991689073,15.511916313103,NA,41.4696754408079,503.833259042671,60.2090810061425,16.0731867735022,24.3780099779941,64.0017582959976,"FREE",NA,24.7123348464503,"Train"
"State345","STABLE DEM",549.178250471222,15.8990290077596,NA,38.7950151258563,506.07900861774,59.4135818941411,12.7641567981917,22.689470232042,53.8733708835599,"PRIVATE",15057.5765055447,21.6021578178895,"Train"
"State346","OTHER",11.5946126150413,13.9334904125934,NA,39.3540410541674,490.51651512122,52.1492579913103,13.6402551679422,24.3816443228675,57.250275586647,"INSURANCE",4732.38744135363,16.6970230871701,"Train"
"State347","UNSTABLE DEM",4.28514086268603,18.1069887380448,NA,39.6759178347702,500.499805238542,52.1490518329475,13.8324220933151,24.4872812768933,57.0158116491096,"INSURANCE",5208.91792141433,22.2820963547246,"Train"
"State348","UNSTABLE DEM",65.1259218869139,14.0468546025563,30.6817490716336,37.0584385448128,511.874114516938,52.4555855887879,13.1849757631659,24.4618361973665,59.3856076306785,"FREE",NA,28.4073160107469,"Train"
"State349","UNSTABLE DEM",29.9842990206571,14.0010612290865,NA,34.3249605575087,510.779350290694,51.0002874244666,12.9028508885623,22.8513602520165,58.5338244707969,"FREE",NA,21.1705076084992,"Train"
"State350","STABLE DEM",31.9030808497625,14.2521186579943,NA,40.2138492887013,496.073511610309,64.7023550180349,14.5359286575501,22.0436192573955,56.5548562189542,"INSURANCE",5030.08796926103,17.8679120717212,"Train"
"State351","STABLE DEM",221.210176951639,15.8356316141254,NA,40.7587106231278,500.759498521773,53.7468743267249,12.8853172041114,22.1647149378036,63.9698793248945,"INSURANCE",4921.68756635646,16.2928383297546,"Train"
"State352","UNSTABLE DEM",125.71715267542,14.8568388471771,NA,42.0414165999426,505.384244795013,53.5785156307722,13.5049157632475,21.4597558466551,12,"PRIVATE",14735.9076021442,18.4137590076849,"Train"
"State353","STABLE DEM",28.6427100985089,14.2773162039615,NA,42.9833775523273,495.393688271835,63.5912640258083,17.049739672661,27.0149576942609,58.975105582898,"INSURANCE",4892.65514431476,22.6527834947803,"Train"
"State354","UNSTABLE DEM",320.372262294506,14.9476053936599,31.4835527001897,35.4079056957803,500.872821766892,51.9259050275427,14.8112215854167,24.8521279156615,59.6326140617174,"FREE",NA,18.5035906179285,"Train"
"State355","UNSTABLE DEM",0.704484275767158,21.9913202258994,NA,40.0225943680441,485.458302824604,54.4491988094179,10.4083588400819,21.9824964676514,62.619635757286,"FREE",NA,9.77268935699338,"Train"
"State356","UNSTABLE DEM",19.6357298232647,16.0143121134449,36.2186317333663,43.4659455790458,499.63546824195,54.1706658702629,14.6286675030117,24.5316905367645,64.2650402431882,"FREE",NA,21.306554212915,"Test"
"State357","UNSTABLE DEM",31.38440164082,17.7212111421951,NA,36.7146420249082,496.362302735001,13.4405273417561,11.5285966134365,24.6631156132529,-99,"FREE",NA,25.9006495431905,"Train"
"State358","UNSTABLE DEM",19.4877345523871,16.6719963689032,36.0760524422861,40.3145306615194,493.049401776129,55.280207398694,12.755675410929,20.6275284675025,61.4017048299816,"INSURANCE",4837.49839683072,12.3799966878432,"Train"
"State359","UNSTABLE DEM",4.09475319398041,11.8843332523449,NA,36.590878017217,501.300763077898,59.1628234124951,13.4701401200449,20.5341513710135,53.3670421722197,"INSURANCE",4378.47987783438,18.6102377907938,"Train"
"State360","STABLE DEM",83.4653959826291,14.0539724013252,36.4620993712291,43.351293468894,503.507900288186,59.0399818465443,15.1957100754459,21.9616126431962,59.6281067605967,"PRIVATE",14141.5148727515,21.7635351036679,"Test"
"State361","UNSTABLE DEM",82.822841910303,13.5150522678854,NA,38.397789784286,501.833224879608,58.3520023156568,14.3872591175699,21.8691217063096,12,"INSURANCE",4606.7205916908,16.3218851228261,"Train"
"State362","STABLE DEM",3.01452172945873,16.7360591002968,NA,36.0169496798733,505.253718424388,59.1518976353296,14.5903849976299,21.2140275811726,61.3650940635091,"PRIVATE",14215.5489089519,14.1398925262067,"Train"
"State363","UNSTABLE DEM",6.53312125890653,16.2510515527179,35.6607343115258,40.7070426154515,505.492108702117,62.9839771636722,15.4210110973647,20.4050732063797,63.5444615205855,"FREE",NA,17.7364385768699,"Train"
"State364","STABLE DEM",20.9018297185549,18.4732490118001,31.4808587991646,41.7528309635404,491.444193726153,61.9880083733238,11.5093050148723,18.8427456787251,61.5365663858246,"INSURANCE",4993.70308797787,11.0642543653802,"Train"
"State365","STABLE DEM",10.8941904985962,9.59980006641842,30.5556998513025,NA,513.44736465082,NA,17.0042914520039,27.2416591083259,NA,"INSURANCE",4610.5687092534,29.8120510874315,"Train"
"State366","STABLE DEM",2.98455483698659,16.151354418796,NA,38.3657877518223,503.688411230445,51.6695775636114,13.2933264930383,22.8172730107635,65.081357959716,"FREE",NA,17.8231424978609,"Test"
"State367","UNSTABLE DEM",5.3614560999163,14.5607558140479,NA,40.3855943308966,494.918498601639,58.1656671616971,12.3325487702703,18.4308835571264,-99,"FREE",NA,11.115319776685,"Train"
"State368","DICTATORSHIP",27.3631986747992,17.3449354456114,NA,40.8443643643129,498.196396340395,58.8234423110407,13.9923545460796,25.7692368808195,57.0838062949285,"PRIVATE",15025.6107815088,21.9419259779697,"Test"
"State369","STABLE DEM",34.3677979472571,16.9428778855857,34.961747419409,40.1303021653912,483.722409655941,58.2499378396119,13.7447902208427,25.2717014441351,57.8527284206618,"FREE",NA,15.1247717865627,"Test"
"State370","STABLE DEM",22.9539157725886,14.8516134580732,NA,42.4731009103142,491.715319457214,57.1281557758226,16.295847654395,27.9378127438079,56.2372519732548,"FREE",NA,21.8804597033183,"Train"
"State371","UNSTABLE DEM",29.9117592085821,16.1935704090054,NA,40.4500658402879,498.314592044512,55.7898697644446,13.3637273585646,23.688667151484,61.1259578961225,"INSURANCE",4969.93387497428,18.686495230376,"Test"
"State372","UNSTABLE DEM",47.9825155619097,12.8843491577918,33.1882782401446,36.5321233595445,493.29504939137,61.1464892215868,16.1235301322051,23.2040591928664,-99,"PRIVATE",14520.9985540946,16.5353775701519,"Test"
"State373","OTHER",23.5956652053426,16.7326062670242,NA,43.98983927391,509.356930692873,62.5828856391328,14.5606460456213,20.2816181338238,60.0885372489611,"INSURANCE",4916.01978608732,22.332867401777,"Train"
"State374","STABLE DEM",140.809949499432,14.8800378149759,NA,35.6965545660086,503.294937693848,59.738718850316,15.6393956442809,23.1243185714708,60.3685267846868,"INSURANCE",4558.26986547289,18.8956208586548,"Train"
"State375","UNSTABLE DEM",12.5225821683092,13.3906459042808,NA,37.5086828117,488.820284292875,56.5736426923676,13.5349169539671,23.851887919808,58.0487909040449,"PRIVATE",15345.2318263472,12.9714269713363,"Train"
"State376","OTHER",24.2504973313105,16.0472669076007,34.4829272594162,38.2140756467179,501.169332451199,53.2558439808863,12.7717959375169,24.0997288539588,57.3644596818618,"INSURANCE",5250.98822093591,22.7885024206177,"Train"
"State377","OTHER",27.4710788941997,16.26984049353,NA,44.6408717798417,501.597013433669,59.1491695598595,14.5274982772047,23.5411446656364,58.4537748811256,"INSURANCE",4741.4424047199,21.2011833861665,"Test"
"State378","STABLE DEM",27.5042510717499,15.11102028866,36.1325356092816,43.2695271086147,497.955468291589,54.7626736478705,15.6414084437495,25.0263261941687,59.7237018818969,"INSURANCE",5039.58498412944,23.3482947577216,"Train"
"State379","OTHER",9.29194630583265,13.3811913407434,NA,36.6868133037108,494.668604771197,52.8430527868555,15.555032468672,27.6237064801556,59.4653144574765,"INSURANCE",5196.77002003704,21.6543069302331,"Train"
"State380","STABLE DEM",19.2988486866093,15.4028638598804,33.0904567713043,41.6224087966597,497.960251303841,56.9506827084751,13.8028117681506,21.8994441885288,58.0746891046132,"INSURANCE",4931.0089017121,20.0267299088451,"Train"
"State381","DICTATORSHIP",53.0409412949764,18.5034372170915,36.7318868850691,38.1840819718593,501.920912163362,48.8397788657488,13.27598539625,27.4598057693525,61.1867629545866,"INSURANCE",5043.97575998394,24.0666716934967,"Train"
"State382","UNSTABLE DEM",9.15715422392575,13.6791872511654,33.1534441569009,34.8162480578016,487.667768782,52.581250092605,13.4282501000922,23.2927303037587,-99,"INSURANCE",5092.35244639426,9.17424242780131,"Train"
"State383","UNSTABLE DEM",11.1755842625205,14.0658032544561,33.0736078341769,37.4550423709029,475.944316891295,54.7012003104316,16.2081935314022,29.0728647461306,63.8665356541628,"FREE",NA,14.7216818287116,"Train"
"State384","STABLE DEM",40.0690622527537,13.9566664273646,NA,42.1480857591972,499.532488663245,51.8459099048362,12.8958362365975,23.6570099135508,58.255600223364,"INSURANCE",5089.04138690367,21.6800006626531,"Test"
"State385","UNSTABLE DEM",50.1986669244776,19.5808381337939,NA,39.8704217135858,504.880048378483,60.9259931561049,14.3993548916009,22.6080713756712,-99,"INSURANCE",4974.5989715546,20.6219668505322,"Train"
"State386","UNSTABLE DEM",19.7652835613284,17.2497867715128,NA,40.2268267118035,500.634487918843,56.2654257749633,15.0521959097033,24.3416904420968,62.7162241146737,"PRIVATE",14981.7657324258,18.7090039474717,"Test"
"State387","UNSTABLE DEM",176.968875782704,17.2100943810935,NA,41.8915044744742,485.329334176513,58.1949631787392,10.9416445841241,19.213099939712,58.6550365736539,"PRIVATE",14898.868065098,9.17650554310154,"Train"
"State388","DICTATORSHIP",39.0758198259176,15.0944869710114,NA,36.0167939660122,500.172100248027,58.6424968831415,13.6676917119296,20.4587529884248,57.6837496421684,"INSURANCE",4947.01924044848,16.1406577597523,"Train"
"State389","UNSTABLE DEM",10.0259713260935,13.8051971546335,NA,33.0670534867659,503.080437743858,18.0962268496067,12.2140194058899,23.927569041846,34.4404602434691,"FREE",NA,25.264797743568,"Train"
"State390","OTHER",343.312683971552,16.2268844466,35.1005493538173,42.3372488306066,494.334694064513,56.4061409190194,13.4321933347115,20.118709133088,61.4928234948762,"INSURANCE",4863.77242834487,12.2541048774876,"Train"
"State391","UNSTABLE DEM",131.63584171953,15.0642519780475,NA,37.6685775333619,500.728445228377,54.2309716356999,12.5111548890877,22.8991401542292,-99,"INSURANCE",5013.60520366117,18.8439565649866,"Test"
"State392","STABLE DEM",3.17793135804938,14.1805257159182,NA,32.6341534634093,510.546526524095,49.7546470074922,13.1163583851506,24.7541822025946,58.2009865788143,"INSURANCE",4868.58529721605,24.0350459389824,"Train"
"State393","STABLE DEM",58.6644264403936,14.627032208641,34.8113338683067,36.6256306175044,489.194829949637,52.7603277056939,12.4614031680007,22.8849831716792,57.6241064929864,"FREE",NA,13.9693559911512,"Train"
"State394","STABLE DEM",25.3564127745946,14.6730518813715,NA,35.3125927223284,500.017479870134,56.0468410468437,13.5588865455958,20.1701209203228,62.1976199493721,"INSURANCE",5193.46981913954,12.8378382144115,"Train"
"State395","STABLE DEM",37.305280812974,14.9989276990335,33.1663943343398,35.674091413081,502.865195311291,57.6144101445645,13.2488216579571,22.4835416708641,56.6182081647239,"FREE",NA,17.7093818140106,"Train"
"State396",NA,NA,NA,NA,NA,NA,NA,11.2032280471557,-99,NA,"PRIVATE",15303.5565403228,28.1616703866663,"Train"
"State397","OTHER",82.1607224105228,12.3210062136318,NA,42.5568628060417,495.464794039972,56.627576375736,17.3325924961452,26.5223444800434,57.4373304730421,"INSURANCE",4954.6985609304,25.3411514144397,"Test"
"State398","UNSTABLE DEM",11.5304312190967,11.4411107495755,NA,37.6014054561584,492.544788251682,50.6442131573443,15.8948345271529,23.7111262369835,68.7163370613134,"FREE",NA,13.248642048,"Train"
"State399","OTHER",NA,15.1206209630896,NA,-99,NA,62.6797617387324,14.252820738764,-99,-99,"FREE",NA,19.7356666799627,"Train"
"State400","STABLE DEM",145.381425275527,14.8657454143418,NA,39.3236059799195,490.602371840851,56.8372258348673,11.2708718215538,19.271747024185,56.2267435634594,"FREE",NA,12.9132393264265,"Train"
"State401","UNSTABLE DEM",21.1080846720999,13.4931008781991,NA,35.8136600296205,498.764498994657,51.3775454838353,13.4394718091877,22.3196921536493,64.2623822980421,"INSURANCE",5041.31142068841,14.4822427687762,"Test"
"State402","DICTATORSHIP",2.7305782949323,15.7521576932729,NA,41.5710559986297,506.956427200979,60.4155404277392,13.3179597909082,18.8075321714442,65.8174862900372,"PRIVATE",14676.2795495724,15.112471216103,"Train"
"State403","STABLE DEM",5.54807340726662,15.3940672679733,NA,42.3045143804048,489.157896051346,54.9188840880227,14.2404536622068,24.1309383685219,63.7703264115295,"INSURANCE",4895.89869295977,16.2644710339669,"Test"
"State404","UNSTABLE DEM",41.0268109823111,15.0767284720777,NA,36.9422820798293,507.892369397678,51.1167364348359,14.4304323208558,25.6225314770682,-99,"PRIVATE",15692.5474390812,23.3436205891098,"Test"
"State405","OTHER",24.7256739248446,16.4352839020394,NA,37.3482393890935,498.016164396959,60.3030235092329,11.5449267958574,18.0880304260204,57.2962559336583,"PRIVATE",16022.7879881908,10.3697123481124,"Test"
"State406","UNSTABLE DEM",47.5922968208363,16.9175064443382,NA,35.7572511721904,500.183215329571,52.7954270300429,10.0024372429803,22.2211232990101,-99,"FREE",NA,17.3591447511778,"Train"
"State407","UNSTABLE DEM",124.922470009293,13.9086914944146,NA,39.7802789044046,503.042720882725,55.179528146925,13.4630596325944,19.4729790851257,-99,"INSURANCE",4966.81005206567,17.6289192177795,"Test"
"State408","UNSTABLE DEM",20.4447457878125,10.6519880949859,NA,37.4015070859329,503.648090926301,55.2515989912544,17.9657149238028,27.5867314773108,60.3053316613939,"INSURANCE",5178.70577254345,24.1624668694939,"Train"
"State409",NA,NA,NA,NA,NA,NA,54.7922829695043,16.6204086630383,NA,NA,"FREE",NA,27.6735280913413,"Test"
"State410","STABLE DEM",5.29581887472795,10.5206022812592,29.5845489222896,34.0360537883396,501.441098254012,47.4072613481565,14.1655832764798,22.7839803691605,57.7669826163516,"PRIVATE",14960.5028342761,17.8295187266023,"Train"
"State411","STABLE DEM",7.87006615773215,13.8157854860945,NA,37.2451584198335,502.022579085323,57.4869497836704,14.056358730418,24.3440110745452,60.4520725814355,"INSURANCE",5308.05735441159,20.8469883974432,"Train"
"State412","STABLE DEM",25.4264841325701,16.9143637058204,NA,39.5787996515601,496.141017861262,59.2977110870247,13.7911943307599,23.3005665790435,57.0014839462217,"INSURANCE",4660.89448450904,18.5657548322986,"Train"
"State413","UNSTABLE DEM",88.8468252507918,14.5257974111613,33.8715477955954,36.8730850650656,505.348763201489,51.3370752531559,12.8834795439239,25.2635473693073,52.8951084117682,"FREE",NA,26.46565610397,"Train"
"State414","STABLE DEM",21.536367239187,16.510705385723,NA,36.6840231984263,498.592529726586,22.9622592045579,12.9423279445964,19.6314220945087,12,"INSURANCE",5252.37172275925,20.7452878304347,"Test"
"State415","STABLE DEM",47.9448935691006,15.5139335465803,35.7331249182525,33.8601425559215,502.447809532759,54.4950120845411,13.0975507634273,21.6016941728866,54.0491303733489,"INSURANCE",5267.98239637807,18.0436548462053,"Train"
"State416","STABLE DEM",66.2091983415929,14.5755803203326,NA,35.8429092393847,497.174112468941,52.1139275148826,14.5372727612272,25.2352594744801,56.5514334056299,"INSURANCE",4835.08169963194,18.6129867812075,"Train"
"State417","STABLE DEM",4.95570583049224,17.4630785357871,NA,41.7256581663289,510.694716228139,62.5515109315946,11.7024733662123,16.8567179731564,61.5908634925659,"PRIVATE",15360.1997157305,15.306467523132,"Train"
"State418","UNSTABLE DEM",4.7168166168605,13.0723822955643,32.2366663893516,32.9143272176824,506.591075455161,52.5322434424812,14.53648684947,21.7260886721498,-99,"INSURANCE",4846.49499871985,16.8238689260749,"Train"
"State419","UNSTABLE DEM",137.656955128232,11.3856131328262,29.6334656454522,34.4275854906109,500.430443227008,48.4743917315895,13.6901786104,23.8065787415851,-99,"PRIVATE",15466.1833085724,19.8944814822417,"Train"
"State420","STABLE DEM",7.89961437415484,15.2823567186732,33.362747901384,37.458204079556,490.813509503164,51.9088719142145,12.6682679905901,22.0677465817847,65.2411393830571,"INSURANCE",4899.54820482933,12.1114403076118,"Train"
"State421","UNSTABLE DEM",10.7645390116816,14.1067861868947,35.9703556906736,44.715386098612,495.678319196971,64.9801785740035,12.1528647602954,16.8552710290648,57.6747264511519,"PRIVATE",14461.2390143062,12.8086620262465,"Train"
